From	To
P07278	sce:YIL033C
P06782	sce:YDR477W
P07342	sce:YMR108W
P38930	sce:YOR039W
P07269	sce:YDL106C
P50278	sce:YNR034W
P14922	sce:YBR112C
P05453	sce:YDR172W
P19262	sce:YDR148C
P20967	sce:YIL125W
Q00764	sce:YBR126C
P31688	sce:YDR074W
P09798	sce:YKL022C
P14724	sce:YFR036W
P16522	sce:YHR166C
P38042	sce:YBL084C
P00899	sce:YER090W
P07258	sce:YOR303W
Q04199	sce:YML102W
Q12495	sce:YPR018W
P13393	sce:YER148W
P23255	sce:YCR042C
P38995	sce:YDR270W
P29056	sce:YGR246C
P61830	sce:YBR010W
P61830	sce:YNL031C
P06701	sce:YLR442C
P11978	sce:YDR227W
P02293	sce:YDR224C
P06700	sce:YDL042C
P38959	sce:YDR080W
P23287	sce:YLR433C
P25296	sce:YKL190W
P09959	sce:YLR182W
P24869	sce:YPR119W
P29295	sce:YPL204W
P23291	sce:YHR135C
P53540	sce:YNL126W
P38863	sce:YHR172W
P32380	sce:YDR356W
P19097	sce:YPL231W
P32468	sce:YHR107C
P32524	sce:YJL203W
P19736	sce:YDL030W
P38426	sce:YMR261C
P15790	sce:YIL035C
P12398	sce:YJR045C
P43639	sce:YGL019W
P16649	sce:YCR084C
P04911	sce:YDR225W
P40368	sce:YJL061W
Q00916	sce:YIL061C
P47093	sce:YJR022W
Q02875	sce:YPL105C
P31244	sce:YBR114W
P40567	sce:YIR009W
P38883	sce:YHR197W
P40070	sce:YER112W
P42073	sce:YDR195W
P22543	sce:YLR240W
P33750	sce:YLL011W
P40957	sce:YGL086W
P40958	sce:YJL030W
P18852	sce:YJR086W
P18851	sce:YOR212W
P20433	sce:YJL140W
P32835	sce:YLR293C
P20676	sce:YOR098C
P13902	sce:YOL108C
P17119	sce:YPR141C
P07270	sce:YFR034C
P06787	sce:YBR109C
P39520	sce:YLR223C
Q06205	sce:YLR449W
P53863	sce:YNL227C
P39723	sce:YAL047C
P25607	sce:YCR101C
P43611	sce:YFR039C
Q05790	sce:YLR213C
Q00955	sce:YNR016C
P32361	sce:YHR079C
P28742	sce:YBL063W
P35191	sce:YFL016C
P12689	sce:YOR346W
P22579	sce:YOL004W
P09547	sce:YPL016W
P33315	sce:YBR117C
P32828	sce:YDL013W
P32639	sce:YER172C
Q99181	sce:YOR319W
P39102	sce:YLR090W
P27705	sce:YGL035C
Q02554	sce:YMR240C
P53236	sce:YGR056W
P25644	sce:YCR077C
P53147	sce:YGL096W
P40438	sce:YIL173W
P48240	sce:YGR158C
P53742	sce:YNR053C
P24384	sce:YER013W
Q12186	sce:YLR116W
P27351	sce:YJR005W
P40467	sce:YIL130W
Q04746	sce:YMR065W
P32909	sce:YBR172C
P36084	sce:YKL074C
P39682	sce:YML046W
Q06488	sce:YLR357W
P21560	sce:YPL215W
Q07350	sce:YDL043C
P32843	sce:YMR302C
P39936	sce:YGL049C
Q03899	sce:YDR131C
Q04195	sce:YDR409W
P36056	sce:YKL155C
Q12431	sce:YLL014W
P11075	sce:YDR170C
P25648	sce:YCR081W
P38187	sce:YBL067C
Q12411	sce:YOL091W
P32522	sce:YLR067C
Q02260	sce:YGR074W
Q02775	sce:YDR088C
P38227	sce:YBR043C
P53090	sce:YGL202W
P34230	sce:YKL188C
P43321	sce:YLR147C
P38927	sce:YIL139C
P23201	sce:YLL021W
P40018	sce:YER029C
P47818	sce:YLR220W
P25588	sce:YCL061C
Q08562	sce:YOR191W
Q12080	sce:YPL146C
P32606	sce:YOR017W
Q01846	sce:YML104C
P50105	sce:YMR005W
P53615	sce:YNL036W
P12954	sce:YJL092W
Q03441	sce:YDL001W
Q04005	sce:YDR184C
P38811	sce:YHR099W
Q08409	sce:YOR011W
Q06199	sce:YLR456W
P32499	sce:YLR335W
P32605	sce:YBR119W
P14306	sce:YLR178C
Q12033	sce:YOR275C
P38892	sce:YHR209W
Q02046	sce:YKR080W
P38769	sce:YHR035W
P18900	sce:YBR003W
P22147	sce:YGL173C
Q03497	sce:YHL007C
Q03388	sce:YDR485C
Q04149	sce:YDR386W
P17709	sce:YCL040W
Q03048	sce:YLL050C
P04386	sce:YPL248C
P07248	sce:YDR216W
P32629	sce:YEL036C
Q12157	sce:YDL008W
P35197	sce:YDL226C
P40576	sce:YIR024C
Q08484	sce:YOR070C
P32354	sce:YIL150C
P60010	sce:YFL039C
P46985	sce:YJL183W
P41895	sce:YGR186W
Q12018	sce:YDL132W
P25630	sce:YCR050C
P46671	sce:YMR052W
P29539	sce:YBR275C
P23561	sce:YLR362W
P06784	sce:YDL159W
P16892	sce:YBL016W
P32917	sce:YDR103W
P14681	sce:YGR040W
P13574	sce:YHR084W
P25344	sce:YCL032W
P01119	sce:YOR101W
P38523	sce:YOR232W
P15891	sce:YCR088W
P17555	sce:YNL138W
P29366	sce:YBR200W
P19073	sce:YLR229C
Q12446	sce:YOR181W
P32599	sce:YDR129C
P13517	sce:YIL034C
P32790	sce:YBL007C
P07274	sce:YOR122C
P40450	sce:YIL159W
Q00246	sce:YKR055W
P52960	sce:YOR363C
P37370	sce:YLR337C
Q02336	sce:YDR448W
P32494	sce:YDR176W
Q03330	sce:YGR252W
P50875	sce:YOL148C
P03069	sce:YEL009C
P04387	sce:YML051W
Q05027	sce:YMR236W
P53040	sce:YGL112C
P38129	sce:YBR198C
P46677	sce:YGR274C
P35177	sce:YBR081C
Q12060	sce:YPL254W
Q6B184	sce:YCR096C
P23642	sce:YML115C
Q12440	sce:YLR127C
P25454	sce:YER095W
P25453	sce:YER179W
P32910	sce:YNR003C
P36121	sce:YKR025W
P28000	sce:YNL113W
P20434	sce:YBR154C
P22138	sce:YPR010C
P27999	sce:YGL070C
P04051	sce:YOR116C
Q04307	sce:YDR045C
P22139	sce:YOR210W
P08518	sce:YOR151C
P33339	sce:YGR047C
P32529	sce:YJR063W
P38902	sce:YOL005C
P32523	sce:YLL036C
Q08920	sce:YPL178W
Q08683	sce:YOR249C
Q12107	sce:YLR102C
P53068	sce:YGL240W
P53886	sce:YNL172W
Q04601	sce:YDR118W
P87108	sce:YHR005C-A
P39010	sce:YDR264C
Q06697	sce:YLR418C
P35189	sce:YPL129W
P22082	sce:YOR290C
P10862	sce:YCR066W
P21264	sce:YOR128C
P38972	sce:YGR061C
Q12343	sce:YOR174W
P04161	sce:YDR408C
P25337	sce:YCR063W
Q12433	sce:YOR023C
P32502	sce:YLR291C
P40356	sce:YGL025C
Q08269	sce:YOL130W
P40344	sce:YNR007C
P53104	sce:YGL180W
P32379	sce:YGR253C
Q06628	sce:YPR185W
Q12380	sce:YPL149W
P38316	sce:YBR217W
P38182	sce:YBL078C
Q00776	sce:YPL259C
P38700	sce:YHL019C
P48360	sce:YDR376W
Q04549	sce:YDR106W
P36068	sce:YKL130C
P39011	sce:YPL161C
P40448	sce:YIL163C
Q12110	sce:YLR049C
P34730	sce:YDR099W
P40087	sce:YER143W
P38785	sce:YHR061C
P48238	sce:YGR153W
P12962	sce:YOR276W
P18888	sce:YHL025W
P07991	sce:YLR438W
Q06178	sce:YLR328W
P18898	sce:YGL155W
P52286	sce:YDR328C
P31111	sce:YDR285W
P06243	sce:YDL017W
P07250	sce:YDR173C
Q12094	sce:YOR006C
Q04839	sce:YMR255W
P38147	sce:YBR274W
P38150	sce:YBR284W
P43638	sce:YJL042W
P24868	sce:YGR108W
P20486	sce:YBR135W
Q04031	sce:YDR412W
P24870	sce:YDL155W
P47074	sce:YJL013C
P53955	sce:YNL047C
Q03652	sce:YMR211W
Q00947	sce:YDR463W
P33308	sce:YNR010W
O93938	sce:YLL052C
O93938	sce:YLL053C
Q08831	sce:YOR359W
P23285	sce:YHR057C
P25651	sce:YCR086W
P53267	sce:YGR113W
P53550	sce:YNL118C
P39998	sce:YEL015W
Q12517	sce:YOL149W
Q06819	sce:YPR082C
Q03373	sce:YDR480W
P40013	sce:YER016W
P53168	sce:YGL061C
Q04739	sce:YER027C
Q03466	sce:YDR206W
Q02794	sce:YOR047C
O13547	sce:YLR390W-A
P53091	sce:YGL201C
P35210	sce:YKL020C
P17214	sce:YLR233C
P53971	sce:YNL023C
P20081	sce:YNL135C
P18562	sce:YHR128W
P32805	sce:YGL254W
Q03778	sce:YDR236C
P10869	sce:YER052C
P40016	sce:YER021W
P39925	sce:YER017C
Q12063	sce:YDL193W
P47069	sce:YJL019W
P12383	sce:YGL013C
P01365	sce:YCL066W
P01365	sce:YCR040W
P07703	sce:YPR110C
P50108	sce:YDR245W
P53724	sce:YNR022C
P47160	sce:YJR125C
P00330	sce:YOL086C
P33304	sce:YDR085C
P39743	sce:YDR388W
P06780	sce:YPR165W
Q12280	sce:YPL242C
P00331	sce:YMR303C
P38960	sce:YDR082W
Q12452	sce:YLR100W
P40581	sce:YIR037W
P32569	sce:YER022W
P53904	sce:YNL148C
P33199	sce:YGL015C
Q03697	sce:YML038C
P38086	sce:YBR073W
P25441	sce:YDL150W
Q04493	sce:YML094W
Q08273	sce:YOL133W
P38853	sce:YHR158C
Q06159	sce:YLR312C
Q12753	sce:YPR008W
P50102	sce:YMR223W
P47042	sce:YJL057C
P32337	sce:YMR308C
Q06672	sce:YLR435W
P53036	sce:YGL229C
P32259	sce:YNL236W
P47135	sce:YJR091C
P38302	sce:YBR188C
Q04226	sce:YML015C
P38987	sce:YML064C
P33296	sce:YER100W
P40959	sce:YMR004W
P40480	sce:YIL112W
P23292	sce:YNL154C
P41913	sce:YOR355W
P06100	sce:YDL165W
P28239	sce:YMR267W
P15315	sce:YGL166W
Q07442	sce:YDL070W
P34758	sce:YOR329C
P32598	sce:YER133W
P47017	sce:YJL124C
P38229	sce:YBR045C
P32521	sce:YIR006C
P38224	sce:YBR040W
P43577	sce:YFL017C
Q02784	sce:YPL059W
P39676	sce:YGR234W
P32836	sce:YOR185C
P42944	sce:YJL110C
P06774	sce:YGL237C
Q02516	sce:YOR358W
Q08956	sce:YPL201C
Q12306	sce:YDR510W
P32505	sce:YGL122C
P14680	sce:YJL141C
P53687	sce:YOR025W
P25293	sce:YKR048C
P41833	sce:YGL192W
P36000	sce:YKL135C
Q04431	sce:YDR532C
P38236	sce:YBR057C
Q04396	sce:YDR503C
Q04087	sce:YDR439W
P38203	sce:YBL026W
P53905	sce:YNL147W
Q06217	sce:YLR275W
P32601	sce:YPR017C
Q03503	sce:YPR051W
Q06667	sce:YDR315C
P39939	sce:YER131W
P39938	sce:YGL189C
P00931	sce:YGL026C
P53755	sce:YNR069C
P35193	sce:YOL082W
P34234	sce:YKL183W
P33418	sce:YKL205W
P39517	sce:YDL160C
P0C0X0	sce:YLR264W
P53237	sce:YGR057C
Q02197	sce:YEL053C
P47167	sce:YJR135C
P32570	sce:YBR253W
Q08278	sce:YOL135C
P16523	sce:YNL210W
Q99278	sce:YMR112C
P39014	sce:YIL046W
P38346	sce:YBR270C
P43563	sce:YFL034C-B
Q99316	sce:YOL088C
P14741	sce:YKR026C
P32497	sce:YMR309C
P33420	sce:YPL174C
P32832	sce:YMR091C
Q08685	sce:YOR250C
P39081	sce:YDR228C
Q12527	sce:YPR049C
P32473	sce:YBR221C
P27796	sce:YIL160C
P35190	sce:YGL215W
P17157	sce:YPL031C
Q12477	sce:YDL179W
P35497	sce:YJR159W
Q07786	sce:YDL246C
P19541	sce:YPL133C
P24583	sce:YBL105C
P32334	sce:YGR014W
P32829	sce:YMR224C
P40460	sce:YIL144W
Q12175	sce:YDL154W
P40357	sce:YGR009C
P08153	sce:YDR146C
P52918	sce:YDR335W
Q12277	sce:YDL111C
P39731	sce:YAL034W-A
P32500	sce:YML031W
P40060	sce:YER092W
Q03790	sce:YMR153W
P53271	sce:YGR120C
Q12134	sce:YOR284W
P53044	sce:YGR048W
P32356	sce:YDR001C
P38620	sce:YER099C
P38910	sce:YOR020C
P14907	sce:YJL041W
P48837	sce:YGR119C
Q06568	sce:YLR254C
P25298	sce:YMR061W
Q06410	sce:YLR423C
P25693	sce:YDL127W
P47029	sce:YJL084C
P40038	sce:YER059W
P39108	sce:YDR142C
P50091	sce:YGR239C
Q08966	sce:YPL219W
P39970	sce:YER045C
Q12163	sce:YDR162C
P15380	sce:YOR348C
P50623	sce:YDL064W
Q05024	sce:YMR233W
Q12251	sce:YPR011C
P46983	sce:YJL185C
Q07418	sce:YDL065C
P43619	sce:YFR047C
P43594	sce:YFR011C
P32496	sce:YFR052W
P38254	sce:YBR094W
P38313	sce:YBR211C
P33298	sce:YDR394W
P38204	sce:YBL025W
P32786	sce:YBL014C
P32838	sce:YNR032W
P53043	sce:YGR123C
P38956	sce:YDR073W
Q12206	sce:YOR229W
Q12447	sce:YDR071C
P14908	sce:YMR228W
P09032	sce:YOR260W
P06838	sce:YML095C
P48581	sce:YOR368W
P32628	sce:YEL037C
P61864	sce:YLR167W
P61864	sce:YLL039C
P61864	sce:YIL148W
P61864	sce:YKR094C
P29703	sce:YKL019W
P32485	sce:YLR113W
P38729	sce:YHL042W
P47043	sce:YJL056C
P21190	sce:YJR094C
Q06149	sce:YLR266C
Q03954	sce:YDR201W
Q03981	sce:YDR179C
P05318	sce:YDL081C
P33297	sce:YOR117W
P25378	sce:YCR027C
P53047	sce:YGR213C
P38266	sce:YBR108W
Q03919	sce:YDR139C
Q07589	sce:YDL144C
Q12330	sce:YOR159C
P32566	sce:YGR229C
P43568	sce:YFL029C
P54999	sce:YPR182W
P38149	sce:YBR281C
P11353	sce:YDR044W
P33307	sce:YGL238W
Q02772	sce:YJR034W
P00127	sce:YFR033C
P53270	sce:YGR117C
P12904	sce:YGL115W
Q06479	sce:YLR352W
P49017	sce:YML110C
Q12310	sce:YDL214C
Q03144	sce:YMR095C
P43544	sce:YFL060C
P43545	sce:YFL059W
Q12368	sce:YDL098C
P33757	sce:YBR250W
Q02793	sce:YGL213C
P17123	sce:YHR152W
P23624	sce:YHR014W
Q04921	sce:YDR218C
P06843	sce:YER161C
P38304	sce:YBR193C
Q02821	sce:YNL189W
P28240	sce:YER065C
P53081	sce:YGL221C
P19881	sce:YDL236W
Q05016	sce:YMR226C
P32916	sce:YDR292C
P39015	sce:YLR150W
P37297	sce:YLR305C
Q04175	sce:YDR395W
Q08229	sce:YOL070C
Q01722	sce:YNL199C
P33327	sce:YDL215C
Q12181	sce:YPR048W
P32906	sce:YJR131W
P53824	sce:YNL333W
P40151	sce:YNL218W
P36100	sce:YKL028W
P32776	sce:YDR311W
P14904	sce:YKL103C
P52871	sce:YER019C-A
P36149	sce:YKR068C
Q99395	sce:YPL229W
P38080	sce:YBR059C
Q12059	sce:YPL003W
P39001	sce:YDR207C
P38130	sce:YBR205W
Q06245	sce:YLR166C
Q12241	sce:YOR106W
P32912	sce:YGL212W
P53845	sce:YNL263C
P14359	sce:YJL151C
Q12016	sce:YOL129W
Q08743	sce:YOR292C
P39929	sce:YLR025W
P53112	sce:YGL153W
P22149	sce:YGL071W
P39706	sce:YAR003W
P27637	sce:YAR014C
P25623	sce:YCR030C
P32939	sce:YML001W
P38784	sce:YHR060W
Q03323	sce:YDR469W
P32913	sce:YOR132W
P38753	sce:YHL002W
Q06696	sce:YLR417W
Q03768	sce:YDR152W
Q03920	sce:YDR140W
P02400	sce:YDR382W
P38278	sce:YBR141C
Q12098	sce:YLR135W
P40485	sce:YIL105C
P53924	sce:YNL116W
P25582	sce:YCL054W
P40052	sce:YER079W
P25389	sce:YCL024W
P25349	sce:YCR004C
P38967	sce:YOL020W
P47976	sce:YDR151C
Q12489	sce:YDL012C
P38767	sce:YHR032W
P26321	sce:YPL131W
Q07395	sce:YDL063C
P39977	sce:YEL068C
Q03435	sce:YDL002C
Q02774	sce:YDL212W
P38771	sce:YHR038W
P36103	sce:YKL023W
P53858	sce:YNL233W
P40079	sce:YER127W
P53124	sce:YGL134W
P15108	sce:YMR186W
P43588	sce:YFR004W
Q12199	sce:YPR040W
Q03533	sce:YMR291W
Q03337	sce:YDR472W
P38234	sce:YBR052C
Q03835	sce:YDR098C
P50113	sce:YGL154C
P38624	sce:YJL001W
Q12084	sce:YDR020C
P53277	sce:YGR129W
P32491	sce:YPL140C
P35719	sce:YKL142W
Q02199	sce:YGL172W
P40164	sce:YNL201C
P35203	sce:YMR094W
P21374	sce:YJR050W
Q03973	sce:YDR174W
P46679	sce:YMR053C
P53691	sce:YLR216C
O13329	sce:YDR110W
P52920	sce:YGL091C
P34253	sce:YKL110C
P32564	sce:YGR049W
Q03944	sce:YDR200C
Q05930	sce:YLR368W
Q06096	sce:YPR105C
P38806	sce:YHR090C
P25559	sce:YCL016C
P14164	sce:YKL112W
P11076	sce:YDL192W
P39547	sce:YAR027W
P14693	sce:YHR083W
P38305	sce:YBR194W
P39111	sce:YGR020C
Q00582	sce:YML121W
P53899	sce:YNL155W
P43634	sce:YLR098C
Q06169	sce:YLR324W
Q08492	sce:YOR078W
P25502	sce:YKL015W
Q12342	sce:YDL146W
Q07622	sce:YDL203C
Q12468	sce:YDL216C
Q07732	sce:YDL239C
P38871	sce:YHR184W
Q03406	sce:YDR489W
Q12457	sce:YDR026C
Q12335	sce:YDR032C
Q03900	sce:YDR132C
Q03559	sce:YMR295C
Q12298	sce:YDR061W
P38962	sce:YDR084C
Q04598	sce:YDR115W
Q04491	sce:YLR208W
Q04368	sce:YMR025W
P53917	sce:YNL127W
P36120	sce:YKR024C
P35718	sce:YKL144C
Q05583	sce:YDR267C
Q05635	sce:YDR279W
P89886	sce:YER007C-A
Q04179	sce:YDR400W
Q03375	sce:YDR482C
P53189	sce:YGL028C
P43614	sce:YFR042W
P43615	sce:YFR043C
P53176	sce:YGL051W
P32837	sce:YDL210W
P53074	sce:YGL230C
P53066	sce:YGL242C
P32432	sce:YLR403W
P53210	sce:YGR017W
P53238	sce:YGR058W
P53244	sce:YGR068C
P48239	sce:YGR154C
P53343	sce:YGR294W
P38751	sce:YHL006C
P38725	sce:YHL046C
P47090	sce:YJR015W
P38888	sce:YHR204W
P40554	sce:YIL008W
P40465	sce:YIL132C
P34217	sce:YBL051C
P25637	sce:YCR059C
Q08726	sce:YOR262W
P36097	sce:YKL033W
Q02457	sce:YPL128C
P36144	sce:YKR060W
Q12525	sce:YLL062C
Q12013	sce:YOR034C
P38815	sce:YHR105W
Q12270	sce:YPL246C
P32622	sce:YEL041W
P38823	sce:YHR115C
P38872	sce:YHR185C
P40552	sce:YIL011W
P40515	sce:YIL065C
P32350	sce:YLL019C
Q00772	sce:YHR030C
Q06168	sce:YLR321C
P54861	sce:YLL001W
P28320	sce:YKL095W
Q04477	sce:YMR117C
P53215	sce:YGR024C
P28708	sce:YKL116C
Q06010	sce:YLR389C
Q02205	sce:YKR007W
Q02209	sce:YKR011C
P32788	sce:YBL010C
P35734	sce:YKL052C
Q07887	sce:YLL049W
P43132	sce:YLR015W
Q12142	sce:YDL149W
Q06137	sce:YLR345W
P38796	sce:YHR075C
P18634	sce:YLR392C
P50095	sce:YLR432W
P25351	sce:YCR023C
P42843	sce:YNL311C
P53729	sce:YNR029C
Q12285	sce:YOL111C
P36083	sce:YKL075C
P53935	sce:YNL091W
Q03231	sce:YMR181C
Q12030	sce:YDR167W
P00358	sce:YJR009C
Q04638	sce:YML068W
Q07834	sce:YLL032C
P39008	sce:YNR052C
Q04749	sce:YMR068W
Q04177	sce:YDR398W
Q03649	sce:YMR210W
Q04902	sce:YMR322C
Q12052	sce:YPL157W
P53754	sce:YNR068C
Q08204	sce:YOL034W
P39923	sce:YEL062W
P40325	sce:YGR268C
P50946	sce:YNL099C
P48232	sce:YNL086W
Q08729	sce:YOR264W
Q08817	sce:YOR353C
Q06162	sce:YLR315W
P53933	sce:YNL094W
P35727	sce:YKL061W
P21192	sce:YLR131C
P25611	sce:YCR106W
P53965	sce:YNL032W
P32793	sce:YHR016C
Q06102	sce:YPR107C
P20107	sce:YMR243C
P38194	sce:YBL044W
P00546	sce:YBR160W
Q12434	sce:YDL135C
Q06406	sce:YDR378C
P01123	sce:YFL038C
P38555	sce:YER031C
P36125	sce:YKR030W
P40955	sce:YJL099W
P53311	sce:YGR243W
P38208	sce:YBL018C
P33754	sce:YBR171W
P38334	sce:YBR254C
P36131	sce:YKR037C
P38957	sce:YDR078C
P53108	sce:YGL161C
P25605	sce:YCL009C
Q12082	sce:YDL157C
P50945	sce:YNL100W
P25657	sce:YCR099C
Q12513	sce:YDL110C
P53082	sce:YGL220W
Q03860	sce:YDR100W
P53738	sce:YNR046W
P11747	sce:YML098W
P36973	sce:YDR441C
Q03322	sce:YDR468C
Q04110	sce:YDR446W
P00128	sce:YDR529C
P40092	sce:YER150W
Q92317	sce:YDR397C
P53823	sce:YNL334C
P25357	sce:YCR033W
P38742	sce:YHL023C
P38727	sce:YHL044W
Q02204	sce:YKR006C
Q12223	sce:YDL059C
P53039	sce:YGR172C
P38782	sce:YHR058C
P40314	sce:YDR252W
P40518	sce:YIL062C
P40857	sce:YJL097W
P46962	sce:YJL006C
P25591	sce:YCL063W
P46988	sce:YJL179W
P47150	sce:YJR113C
P35691	sce:YKL056C
Q05874	sce:YLR285W
Q04231	sce:YML011C
Q07914	sce:YLR008C
Q07986	sce:YLR036C
Q99176	sce:YLR119W
P54837	sce:YML012W
P49166	sce:YLR185W
P53910	sce:YNL140C
Q04868	sce:YMR312W
P34166	sce:YNL145W
Q12208	sce:YLR132C
P38713	sce:YHR073W
P40020	sce:YER032W
P32854	sce:YOR036W
Q06651	sce:YDR313C
P53633	sce:YNL044W
P04050	sce:YDL140C
P16370	sce:YIL021W
P06104	sce:YGL058W
P40414	sce:YIL138C
P34162	sce:YHR041C
P47822	sce:YDR308C
P09734	sce:YML124C
P47124	sce:YJR075W
P46672	sce:YGL105W
P46655	sce:YGL245W
P39524	sce:YAL026C
P38328	sce:YBR234C
P32381	sce:YDL029W
P36006	sce:YKL129C
Q04439	sce:YMR109W
Q06681	sce:YDR326C
P36018	sce:YKR014C
P53169	sce:YGL060W
Q02574	sce:YLR288C
P33204	sce:YKL013C
P47122	sce:YJR072C
Q03750	sce:YML114C
P53829	sce:YNL288W
Q01389	sce:YJL095W
Q06708	sce:YLR386W
Q07623	sce:YDL213C
P36118	sce:YKR022C
P38874	sce:YHR187W
P46947	sce:YGL174W
Q05636	sce:YDR280W
O13565	sce:YLR358C
P26343	sce:YKR034W
Q05933	sce:YLR370C
Q08977	sce:YPL260W
Q02804	sce:YPL051W
P20438	sce:YPL256C
P22137	sce:YGL206C
Q12415	sce:YOR110W
P32325	sce:YDR052C
Q06160	sce:YLR313C
P26570	sce:YML016C
P80428	sce:YJL081C
P20050	sce:YIL072W
P40528	sce:YIL047C
P39678	sce:YDL056W
P39016	sce:YGL178W
P32389	sce:YNL103W
Q12041	sce:YDR253C
Q12518	sce:YDL161W
P30771	sce:YMR080C
P52891	sce:YDL116W
P11433	sce:YAL041W
P21268	sce:YJL157C
P22804	sce:YIL004C
P20606	sce:YPL218W
P25385	sce:YLR078C
P26449	sce:YOR026W
Q03758	sce:YML111W
P17106	sce:YJR060W
P33331	sce:YER009W
P32864	sce:YOR370C
P39958	sce:YER136W
P22214	sce:YLR268W
Q04338	sce:YMR197C
Q12255	sce:YLR093C
P25491	sce:YNL064C
P25655	sce:YCR093W
P06102	sce:YIL038C
P34909	sce:YER068W
P06242	sce:YDL108W
P02829	sce:YPL240C
P01120	sce:YNL098C
P10591	sce:YAL005C
P04821	sce:YLR310C
P09435	sce:YBL075C
P09119	sce:YJL194W
P24871	sce:YLR210W
P40075	sce:YER120W
P11927	sce:YNL188W
P38692	sce:YHR102W
P39935	sce:YGR162W
P04147	sce:YER165W
Q12514	sce:YPR072W
P07834	sce:YFL009W
Q06648	sce:YDR309C
Q00362	sce:YGL190C
P38826	sce:YHR118C
P52488	sce:YDR390C
O13297	sce:YPL228W
Q01159	sce:YGL130W
P49334	sce:YNL131W
Q03761	sce:YDR145W
P53731	sce:YNR035C
P27466	sce:YFR014C
P22517	sce:YOL016C
P07273	sce:YGL043W
P19524	sce:YOR326W
P38431	sce:YPR041W
P25302	sce:YER111C
P03965	sce:YJR109C
P47103	sce:YJR032W
P32561	sce:YNL330C
P31539	sce:YLL026W
P30822	sce:YGR218W
P49686	sce:YDR192C
P40477	sce:YIL115C
P21827	sce:YGL097W
P19880	sce:YML007W
P41920	sce:YDR002W
P18963	sce:YBR140C
P08678	sce:YJL005W
P22204	sce:YGR092W
P32562	sce:YMR001C
P26793	sce:YKL113C
P20437	sce:YMR199W
P13365	sce:YAL040C
P32501	sce:YDR211W
P09064	sce:YPL237W
P15705	sce:YOR027W
P38904	sce:YDR464W
P32600	sce:YKL203C
P04385	sce:YBR020W
P19659	sce:YOL051W
P25046	sce:YBL093C
P32585	sce:YGR104C
P36145	sce:YKR062W
Q06624	sce:YPR180W
P09733	sce:YML085C
P39937	sce:YER007W
P46954	sce:YJL089W
P33892	sce:YGL195W
P15442	sce:YDR283C
P32774	sce:YKL058W
P41818	sce:YMR311C
Q12315	sce:YDL207W
P23202	sce:YNL229C
P10592	sce:YLL024C
P11972	sce:YLR452C
Q06142	sce:YLR347C
P02309	sce:YBR009C
P02309	sce:YNL030W
Q12341	sce:YPL001W
P18480	sce:YBR289W
Q03213	sce:YMR172W
P08018	sce:YJL128C
P29461	sce:YOR208W
P40048	sce:YER075C
Q99383	sce:YOL123W
P25299	sce:YGL044C
P10961	sce:YGL073W
P28006	sce:YOR178C
P40036	sce:YER054C
P36047	sce:YKL193C
P06101	sce:YDR168W
Q03063	sce:YPL049C
P41697	sce:YLR319C
Q06706	sce:YLR384C
Q02908	sce:YPL086C
P20435	sce:YPR187W
P40457	sce:YIL149C
Q02629	sce:YKL068W
Q02630	sce:YMR047C
P16474	sce:YJL034W
Q12045	sce:YPL253C
Q03290	sce:YDR460W
Q08963	sce:YPL213W
P11914	sce:YHR024C
P38889	sce:YHR206W
P07249	sce:YMR042W
P11746	sce:YMR043W
P05085	sce:YML099C
Q08032	sce:YLR103C
P29496	sce:YLR274W
P24279	sce:YEL032W
P38132	sce:YBR202W
P40573	sce:YIR017C
P32490	sce:YOR231W
P38920	sce:YMR167W
P25847	sce:YOL090W
P14242	sce:YNL082W
P15873	sce:YBR088C
Q07980	sce:YLR035C
P33301	sce:YDR369C
Q12328	sce:YDL217C
Q03834	sce:YDR097C
P28519	sce:YMR201C
P06777	sce:YPL022W
P06839	sce:YER171W
Q00578	sce:YIL143C
P25336	sce:YCR092C
P33334	sce:YHR165C
P34077	sce:YFR002W
P49687	sce:YGL092W
P13433	sce:YFL036W
P35179	sce:YDR086C
Q04673	sce:YLR005W
Q07084	sce:YLR006C
Q12129	sce:YLR363C
P46970	sce:YJR132W
P18410	sce:YAL009W
P52593	sce:YML103C
P47054	sce:YJL039C
P38798	sce:YHR077C
P46674	sce:YDR159W
P38696	sce:YHR129C
P39875	sce:YOR033C
P16521	sce:YLR249W
P39083	sce:YOR127W
P39685	sce:YMR129W
P14064	sce:YKL109W
P06704	sce:YOR257W
P17891	sce:YGR167W
P39013	sce:YNL084C
Q12124	sce:YDL005C
P12385	sce:YBR143C
P17255	sce:YDL185W
P01149	sce:YPL187W
P40517	sce:YIL063C
P40066	sce:YER107C
Q99380	sce:YDL232W
P38121	sce:YBL035C
Q04511	sce:YML088W
Q12288	sce:YLR126C
P32873	sce:YPL115C
Q05863	sce:YLR281C
P32604	sce:YJL155C
Q12429	sce:YLR143W
Q99189	sce:YOR160W
P47170	sce:YJR138W
P36094	sce:YKL042W
P32336	sce:YOR373W
P38217	sce:YBR017C
P32767	sce:YGL016W
P32773	sce:YOR194C
P39515	sce:YJL143W
P32897	sce:YNR017W
P40064	sce:YER105C
P38181	sce:YBL079W
P39955	sce:YER047C
P54784	sce:YML065W
P54790	sce:YLL004W
P54791	sce:YPR162C
P21691	sce:YKR101W
P32833	sce:YBR060C
P50874	sce:YNL261W
P41543	sce:YJL002C
P46964	sce:YOR103C
Q92316	sce:YGL226C-A
P48439	sce:YOR085W
P39007	sce:YGL022W
Q02795	sce:YMR149W
P33767	sce:YEL002C
P38282	sce:YBR152W
P40091	sce:YER149C
P32486	sce:YPR159W
P53010	sce:YGL094C
P29468	sce:YKR002W
Q12102	sce:YLR115W
Q01329	sce:YAL043C
P40155	sce:YNL214W
P80667	sce:YLR191W
P35056	sce:YDR244W
P32796	sce:YML042W
P20052	sce:YOL001W
P29055	sce:YPR086W
Q12224	sce:YPL089C
P34226	sce:YBL061C
P32807	sce:YMR284W
P32578	sce:YDR422C
P42845	sce:YNL309W
P14906	sce:YOR254C
P07560	sce:YFL005W
P31109	sce:YAL030W
P18759	sce:YBR080C
P32607	sce:YOL067C
P39940	sce:YER125W
P53437	sce:YMR270C
P53549	sce:YOR259C
P17079	sce:YDR418W
P17079	sce:YEL054C
P41805	sce:YLR075W
P43565	sce:YFL033C
P06778	sce:YML032C
Q00816	sce:YDR028C
P07261	sce:YPL075W
P22216	sce:YPL153C
P06779	sce:YJR052W
P40217	sce:YMR146C
Q04067	sce:YDR429C
P36024	sce:YKR072C
P31384	sce:YAL021C
P47110	sce:YJR043C
P13382	sce:YNL102W
P40348	sce:YJR068W
P38629	sce:YNL290W
P40339	sce:YOL094C
P38251	sce:YBR087W
P24482	sce:YPR175W
P10363	sce:YIR008C
Q01852	sce:YIL022W
P23644	sce:YMR203W
P38314	sce:YBR214W
P09232	sce:YEL060C
P40530	sce:YIL042C
P04710	sce:YMR056C
P53893	sce:YNL163C
Q12271	sce:YOR109W
Q12096	sce:YOR320C
P48582	sce:YPL084W
Q12461	sce:YPL152W
P34228	sce:YBL066C
Q12476	sce:YDL175C
Q04089	sce:YDR440W
P32481	sce:YER025W
P53100	sce:YGL185C
P40527	sce:YIL048W
P21672	sce:YIL066C
P57743	sce:YLR438C-A
Q04748	sce:YMR066W
P32874	sce:YMR207C
Q05029	sce:YMR237W
Q08337	sce:YOL163W
Q08337	sce:YOL162W
P12611	sce:YOR043W
P39073	sce:YPL042C
O14455	sce:YPL249C-A
P32074	sce:YNL287W
P53622	sce:YDL145C
Q05543	sce:YDR289C
Q04119	sce:YDR452W
P40077	sce:YER124C
P35688	sce:YDL240W
P40212	sce:YMR142C
P26786	sce:YOR096W
Q08581	sce:YOR195W
P33894	sce:YOR219C
P25345	sce:YCR024C
Q07527	sce:YDL112W
P40089	sce:YER146W
P43538	sce:YFL066C
P38750	sce:YHL008C
P37291	sce:YLR058C
P12866	sce:YKL209C
P49960	sce:YMR268C
P25270	sce:YOR201C
P51979	sce:YGL251C
Q04991	sce:YMR221C
Q07468	sce:YDL077C
P20053	sce:YPR178W
P25612	sce:YCR107W
P47068	sce:YJL020C
P36117	sce:YKR021W
P14772	sce:YLL015W
P33760	sce:YNL329C
P18544	sce:YOL140W
Q01684	sce:YER115C
P30775	sce:YGL143C
Q03667	sce:YMR002W
P53727	sce:YNR027W
P23615	sce:YGR116W
P47171	sce:YJR140C
O13527	sce:YAR009C
P38198	sce:YBL034C
P38065	sce:YBL037W
P07256	sce:YBL045C
P40570	sce:YIR014W
P08638	sce:YLR451W
P46963	sce:YML112W
P47117	sce:YJR065C
P02365	sce:YBR181C
P02365	sce:YPL090C
P21951	sce:YNL262W
Q06625	sce:YPR184W
P33419	sce:YPL124W
P38736	sce:YHL031C
P14736	sce:YER162C
Q00416	sce:YLR430W
P30619	sce:YDR164C
Q12329	sce:YDR171W
P32903	sce:YCR024C-A
Q04792	sce:YMR250W
P23059	sce:YCR020C-A
P40395	sce:YLR039C
Q12275	sce:YOR093C
P38699	sce:YHR178W
P35817	sce:YLR399C
P30283	sce:YPR120C
Q06389	sce:YDR373W
Q04964	sce:YML058W
P08539	sce:YHR005C
P40473	sce:YIL122W
P39545	sce:YAR020C
P08468	sce:YMR257C
P32911	sce:YNL244C
Q07549	sce:YDL123W
Q04322	sce:YMR192W
P21243	sce:YGL011C
P06786	sce:YNL088W
P35187	sce:YMR190C
P13099	sce:YLR234W
P32602	sce:YBL050W
Q12287	sce:YLL009C
P38348	sce:YBR272C
P17558	sce:YOR158W
P36048	sce:YKL173W
Q03770	sce:YDR160W
Q12309	sce:YLR117C
P39734	sce:YAL028W
P25649	sce:YCR082W
Q12516	sce:YDL133W
P36075	sce:YKL090W
Q08206	sce:YOL036W
Q08931	sce:YPL192C
Q12436	sce:YLR130C
Q03656	sce:YMR216C
P38804	sce:YHR087W
P40507	sce:YIL079C
Q08550	sce:YOR177C
P32525	sce:YJL201W
P38257	sce:YBR098W
P33338	sce:YNL243W
P18494	sce:YER040W
P43123	sce:YDL103C
P38764	sce:YHR027C
P25343	sce:YCR009C
P33200	sce:YBL005W
Q05670	sce:YMR232W
Q03018	sce:YGR098C
P39112	sce:YMR287C
P32855	sce:YPR055W
Q12034	sce:YDR515W
Q01532	sce:YNL239W
P22213	sce:YDR189W
P35209	sce:YMR179W
Q99314	sce:YOR213C
P20447	sce:YGL078C
P38862	sce:YHR171W
P32458	sce:YJR076C
Q07872	sce:YLL038C
P39969	sce:YER114C
Q08754	sce:YOR299W
P00912	sce:YDR007W
Q03691	sce:YMR200W
P32584	sce:YDR410C
P22224	sce:YGL233W
P32944	sce:YJL187C
P32618	sce:YEL043W
P53280	sce:YGR134W
P54786	sce:YML109W
P21339	sce:YOR188W
P38165	sce:YBL103C
P40505	sce:YIL084C
P47057	sce:YJL036W
P48562	sce:YNL298W
P32526	sce:YPL269W
Q03898	sce:YDR130C
Q02606	sce:YPL014W
P53721	sce:YNR018W
P38877	sce:YHR191C
P39009	sce:YDL101C
Q05031	sce:YMR238W
P53857	sce:YNL234W
P48231	sce:YNL087W
P23748	sce:YMR036C
P47049	sce:YJL048C
P39946	sce:YOR269W
Q04461	sce:YMR111C
P48568	sce:YDL186W
P38870	sce:YHR182W
Q99332	sce:YOR324C
Q06440	sce:YLR429W
P53968	sce:YNL027W
P38890	sce:YHR207C
Q05080	sce:YMR032W
Q12377	sce:YDL097C
P38261	sce:YBR102C
P25555	sce:YCL011C
Q08908	sce:YOR384W
P40956	sce:YGL181W
Q06604	sce:YPR171W
Q04437	sce:YMR106C
P52917	sce:YPR173C
Q03818	sce:YMR159C
P40469	sce:YIL128W
Q02892	sce:YPL093W
P22209	sce:YAR018C
P38277	sce:YBR138C
P53309	sce:YGR241C
P43603	sce:YFR024C-A
P32827	sce:YGR118W
P32827	sce:YPR132W
Q04659	sce:YMR048W
P39677	sce:YJL102W
P38274	sce:YBR133C
P25044	sce:YDL230W
P50942	sce:YNL106C
Q08227	sce:YOL065C
Q12405	sce:YOR084W
P28004	sce:YAL032C
P38837	sce:YHR133C
Q12324	sce:YOR087W
Q12317	sce:YOL112W
P38791	sce:YHR068W
Q03792	sce:YMR154C
P21242	sce:YOR362C
P30656	sce:YPR103W
P30657	sce:YFR050C
P30402	sce:YMR271C
P39718	sce:YAL055W
P53184	sce:YGL037C
P36023	sce:YKR064W
P40316	sce:YDR113C
P34078	sce:YKL143W
Q00539	sce:YHR086W
P23594	sce:YDL134C
P40302	sce:YMR314W
Q12194	sce:YPL066W
P25043	sce:YOR157C
P53243	sce:YGR067C
P23724	sce:YBL041W
P23639	sce:YML092C
P15938	sce:YKR086W
Q08162	sce:YOL021C
P35194	sce:YBL004W
O13556	sce:YLR462W
Q08226	sce:YOL063C
P46974	sce:YJR127C
Q03776	sce:YDR235W
P25451	sce:YER094C
P43124	sce:YDL105W
P53599	sce:YNR031C
Q05541	sce:YDR288W
P38697	sce:YHR216W
P21269	sce:YER168C
Q05787	sce:YLR207W
P38176	sce:YBL089W
Q06677	sce:YDR320C
P40042	sce:YER066W
P53177	sce:YGL050W
P38716	sce:YHR112C
P32803	sce:YGL200C
P14737	sce:YDR217C
P38232	sce:YBR050C
Q06091	sce:YPR101W
Q12300	sce:YDL138W
P35844	sce:YPL145C
Q06815	sce:YPR079W
P40032	sce:YER049W
Q12250	sce:YDL147W
P34239	sce:YKL176C
P31379	sce:YAL018C
P48235	sce:YGR146C
P13856	sce:YGR152C
P40476	sce:YIL117C
P33314	sce:YKL092C
Q06005	sce:YLR239C
P23638	sce:YGR135W
P53851	sce:YNL253W
P53102	sce:YGL183C
P46151	sce:YPL023C
P05375	sce:YJR073C
P46982	sce:YJL186W
Q02866	sce:YPL070W
P19454	sce:YOR061W
P06105	sce:YJL080C
P40063	sce:YER104W
P34237	sce:YKL179C
Q07843	sce:YLL033W
P33299	sce:YKL145W
P28495	sce:YKL007W
P40030	sce:YER044C
P53159	sce:YGL075C
P47037	sce:YJL074C
Q06179	sce:YLR454W
P33895	sce:YOL069W
P30902	sce:YKL016C
P07251	sce:YBL099W
P00856	sce:Q0080
Q02732	sce:YPL018W
P00830	sce:YJR121W
Q03012	sce:YPL138C
P38163	sce:YBL106C
P45976	sce:YJR093C
Q06339	sce:YDR362C
P28274	sce:YBL039C
Q04934	sce:YDR229W
P32489	sce:YPL121C
P12612	sce:YDR212W
P38200	sce:YBL031W
Q04377	sce:YDR499W
P38817	sce:YHR108W
P20457	sce:YKL045W
P39523	sce:YMR124W
Q05672	sce:YDL189W
Q12390	sce:YLL060C
P25370	sce:YCL036W
Q08214	sce:YOL043C
P32610	sce:YEL051W
P32563	sce:YOR270C
P36116	sce:YKR020W
P53030	sce:YGL135W
P53030	sce:YPL220W
P32908	sce:YFL008W
P01097	sce:YDL181W
P53253	sce:YGR089W
Q06629	sce:YDR295C
P38989	sce:YFR031C
Q07508	sce:YDL087C
P40014	sce:YER018C
P17536	sce:YNL079C
P31376	sce:YAL011W
Q07457	sce:YDL074C
P53900	sce:YNL153C
P17065	sce:YNL272C
P35736	sce:YKL050C
P27895	sce:YEL061C
Q12349	sce:YLR295C
P36022	sce:YKR054C
Q12267	sce:YLR086W
P41901	sce:YGR059W
P11709	sce:YCL029C
P47149	sce:YJR112W
P52553	sce:YLR200W
Q00402	sce:YDR150W
P32457	sce:YLR314C
P21306	sce:YPL271W
P81450	sce:YML081C-A
Q12233	sce:YPR020W
P05626	sce:YPL078C
Q06405	sce:YDR377W
P00854	sce:Q0085
P61829	sce:Q0130
P09457	sce:YDR298C
P32453	sce:YNL315C
P39926	sce:YMR183C
Q02948	sce:YPL120W
P12753	sce:YNL250W
P38810	sce:YHR098C
Q12263	sce:YDR507C
P40352	sce:YJR035W
Q06608	sce:YPR172W
Q12483	sce:YPL002C
Q06682	sce:YDR330W
Q04660	sce:YMR049C
P36224	sce:YMR294W
P50264	sce:YMR020W
Q04048	sce:YDR416W
P47152	sce:YJR115W
Q06538	sce:YLR241W
P26755	sce:YJL173C
Q06598	sce:YPR201W
Q06616	sce:YPR174C
P25087	sce:YML008C
Q06103	sce:YPR108W
P34167	sce:YPR163C
Q06098	sce:YPR106W
Q06466	sce:YPR157W
Q12374	sce:YPR155C
P48527	sce:YPL097W
P21825	sce:YPL094C
Q12232	sce:YOR154W
Q12067	sce:YOR079C
Q08465	sce:YOR064C
Q08417	sce:YOR049C
P48164	sce:YNL096C
P36525	sce:YMR193W
Q03233	sce:YMR184W
Q06188	sce:YLR455W
Q05779	sce:YLR201C
P35999	sce:YKL134C
P22696	sce:YJR017C
P50086	sce:YGR232W
P53038	sce:YGR099W
P41896	sce:YGR005C
P43560	sce:YFL042C
P43579	sce:YFL013C
P40049	sce:YER076C
P40047	sce:YER073W
P32775	sce:YEL011W
P25558	sce:YCL014W
P38123	sce:YBR175W
P38068	sce:YBR014C
Q06822	sce:YPR085C
Q06821	sce:YPR084W
Q12284	sce:YPR037C
Q12154	sce:YDL100C
P32603	sce:YOR190W
P07263	sce:YPR033C
P53345	sce:YGR296W
P53345	sce:YPL283C
Q08992	sce:YPL280W
Q06813	sce:YPR078C
P37838	sce:YPL043W
P38363	sce:YBR302C
P38363	sce:YML132W
P53853	sce:YNL246W
P02294	sce:YBL002W
P07257	sce:YPR191W
P43582	sce:YFL010C
P08425	sce:YPR047W
Q12049	sce:YPR045C
P26263	sce:YGR087C
Q12028	sce:YPR029C
Q12402	sce:YPR028W
Q03430	sce:YDR494W
P41819	sce:YPL266W
Q08979	sce:YPL263C
P38207	sce:YBL019W
P32875	sce:YOR196C
P50089	sce:YGR237C
P43595	sce:YFR012W
P38066	sce:YBL033C
P38627	sce:YJR103W
P34221	sce:YBL056W
P37020	sce:YJR040W
P38166	sce:YBL102W
P38162	sce:YBL107C
Q12020	sce:YLR082C
Q12179	sce:YPL245W
P39996	sce:YEL017W
P20095	sce:YNR011C
P40586	sce:YIR042C
Q08970	sce:YPL224C
Q08968	sce:YPL222W
Q03677	sce:YMR009W
P39904	sce:YDR484W
Q08964	sce:YPL216W
P39565	sce:YHR214C-D
P32806	sce:YJL044C
Q08955	sce:YPL200W
Q08952	sce:YPL196W
P38072	sce:YBR024W
Q03759	sce:YML108W
P42940	sce:YGR207C
P43598	sce:YFR017C
P39729	sce:YAL036C
Q12462	sce:YOL147C
P07245	sce:YGR204W
P38210	sce:YBL006C
P40442	sce:YIL169C
P46670	sce:YPL241C
P38064	sce:YBL038W
P11163	sce:YLR155C
P11163	sce:YLR157C
P11163	sce:YLR158C
P11163	sce:YLR160C
Q07716	sce:YDL237W
P49089	sce:YPR145W
Q03083	sce:YPL034W
Q06835	sce:YPR094W
P43635	sce:YPR001W
P38063	sce:YBL068W
Q02950	sce:YPL118W
P41800	sce:YLL006W
P53632	sce:YOL115W
Q08110	sce:YOL014W
P53751	sce:YNR065C
P80210	sce:YNL220W
P36088	sce:YKL069W
P32263	sce:YER023W
P40319	sce:YLR372W
P32179	sce:YOL064C
Q12395	sce:YLR128W
P38778	sce:YHR050W
P36528	sce:YNL252C
Q08951	sce:YPL195W
Q12152	sce:YPL150W
Q07451	sce:YDL072C
P40040	sce:YER063W
Q99257	sce:YPL169C
P09201	sce:YLR377C
Q12254	sce:YPL163C
Q12417	sce:YPL151C
Q06170	sce:YLR326W
Q03029	sce:YPL130W
P19358	sce:YDR502C
Q05468	sce:YDR333C
P32841	sce:YMR133W
P53281	sce:YGR136W
P43580	sce:YFL012W
P38139	sce:YBR204C
Q02891	sce:YPL095C
P53093	sce:YGL198W
P25635	sce:YCR057C
Q02831	sce:YPL077C
P04817	sce:YEL063C
P40328	sce:YPL074W
Q99312	sce:YOR155C
Q06549	sce:YLR245C
P40892	sce:YJL218W
P38744	sce:YHL018W
P53204	sce:YGR010W
P33317	sce:YBR252W
Q02749	sce:YPL068C
P19657	sce:YPL036W
Q12176	sce:YDR060W
Q02724	sce:YPL020C
P25354	sce:YCR007C
Q12089	sce:YPL005W
Q12493	sce:YDR383C
Q08907	sce:YOR383C
Q08905	sce:YOR381W
P23968	sce:YHR026W
P06776	sce:YOR360C
P47128	sce:YJR082C
P24720	sce:YOR350C
Q12507	sce:YOR315W
P22215	sce:YOR307C
Q04033	sce:YDR415C
P38969	sce:YOR266W
P53720	sce:YNR015W
Q12259	sce:YLR108C
P47153	sce:YJR116W
P07244	sce:YGL234W
Q08746	sce:YOR294W
Q04162	sce:YDR387C
Q12305	sce:YOR285W
P40159	sce:YNL208W
P38839	sce:YHR136C
P42223	sce:YDR351W
P04802	sce:YLL018C
P07884	sce:YOR274W
P33401	sce:YKL127W
P48606	sce:YOR265W
P47044	sce:YJL055W
Q06525	sce:YPR152C
Q12274	sce:YOR097C
Q08650	sce:YOR245C
P53174	sce:YGL053W
Q08649	sce:YOR244W
Q08646	sce:YOR242C
Q08641	sce:YOR239W
Q12340	sce:YOR172W
P27825	sce:YAL058W
P40218	sce:YMR147W
P00549	sce:YAL038W
P36032	sce:YKL221W
Q12044	sce:YOR220W
Q08558	sce:YOR180C
P40045	sce:YER071C
Q12125	sce:YOR164C
Q04066	sce:YDR428C
Q02521	sce:YOR148C
Q08949	sce:YPL194W
P38276	sce:YBR137W
P38439	sce:YOR123C
P47079	sce:YJL008C
Q12289	sce:YOR100C
P42840	sce:YNL320W
Q08491	sce:YOR076C
P41834	sce:YOR075W
Q08490	sce:YOR073W
Q12078	sce:YLR034C
Q08232	sce:YOL073C
Q08457	sce:YOR060C
Q04329	sce:YMR195W
Q08448	sce:YOR059C
P40455	sce:YIL152W
P20449	sce:YOR046C
Q07800	sce:YLL010C
P35271	sce:YDR450W
P35271	sce:YML026C
P25584	sce:YCL056C
P40093	sce:YER156C
Q06411	sce:YLR424W
Q03219	sce:YMR178W
P38903	sce:YOR014W
P53011	sce:YGL100W
P33890	sce:YOR010C
Q12118	sce:YOR007C
P25036	sce:YOR003W
P43554	sce:YFL049W
P21304	sce:YLR196W
P53265	sce:YGR111W
P89105	sce:YOL145C
Q08270	sce:YOL131W
P09624	sce:YFL018C
P40512	sce:YIL071C
Q12469	sce:YOL113W
Q12239	sce:YOL107W
Q08108	sce:YOL011W
Q12215	sce:YOL105C
Q12272	sce:YOL102C
P32353	sce:YLR056W
Q12039	sce:YOL095C
P23301	sce:YEL034W
P32656	sce:YER163C
Q06709	sce:YLR387C
Q12449	sce:YDR214W
P32469	sce:YLR172C
Q08199	sce:YOL031C
Q08193	sce:YOL030W
Q08144	sce:YOL018C
Q08118	sce:YOL015W
Q12006	sce:YOL003C
Q07804	sce:YLL012W
P53741	sce:YNR051C
P38999	sce:YNR050C
P53733	sce:YNR037C
P53873	sce:YNL187W
P47052	sce:YJL045W
P27514	sce:YNR013C
P53939	sce:YNL078W
P47115	sce:YJR056C
P24004	sce:YKL197C
P32478	sce:YJL159W
P43552	sce:YFL051C
P08465	sce:YNL277W
P53846	sce:YNL260C
P52919	sce:YLR457C
P53847	sce:YNL258C
P38781	sce:YHR056C
P34218	sce:YBL052C
Q02555	sce:YMR239C
Q08962	sce:YPL211W
Q06686	sce:YLR411W
P53868	sce:YNL219C
Q06208	sce:YLR453C
P40157	sce:YNL212W
Q04429	sce:YDR528W
Q03177	sce:YMR102C
P47041	sce:YJL058C
P38193	sce:YBL046W
Q06592	sce:YPR193C
P53877	sce:YNL182C
Q05788	sce:YLR209C
P08536	sce:YJR010W
P36102	sce:YKL025C
P00360	sce:YJL052W
P42951	sce:YJL100W
P06773	sce:YHR144C
P39975	sce:YEL072W
P38310	sce:YBR207W
Q08300	sce:YOL159C
Q12443	sce:YDL204W
P38326	sce:YBR231C
P35198	sce:YDR277C
P54862	sce:YOL156W
Q03433	sce:YML041C
Q03050	sce:YDR542W
Q12123	sce:YOR173W
Q12189	sce:YOR095C
Q12320	sce:YOR040W
P50947	sce:YNL097C
P00044	sce:YJR048W
P43574	sce:YFL021W
P28241	sce:YOR136W
P17423	sce:YHR025W
P15992	sce:YBR072W
Q04347	sce:YMR014W
P33442	sce:YLR441C
Q04418	sce:YDR527W
P38615	sce:YMR139W
P38633	sce:YGL127C
P40519	sce:YIL060W
Q04779	sce:YMR075W
P39002	sce:YIL009W
Q03897	sce:YDR128W
P37261	sce:YCL026C-A
P32454	sce:YKL157W
P38703	sce:YHL003C
P53060	sce:YGL250W
P39076	sce:YIL142W
P32572	sce:YNL204C
Q12365	sce:YPL255W
Q04432	sce:YDR533C
P43549	sce:YFL054C
P05373	sce:YGL040C
P51601	sce:YGR267C
P32318	sce:YGR144W
P40037	sce:YER057C
P41940	sce:YDL055C
P25367	sce:YCL028W
P39708	sce:YAL062W
Q01574	sce:YAL054C
P05750	sce:YNL178W
P53885	sce:YNL173C
P53934	sce:YNL092W
P47912	sce:YMR246W
P38164	sce:YBL104C
P53959	sce:YNL041C
P01095	sce:YNL015W
P41948	sce:YNL142W
Q05948	sce:YLR225C
P36077	sce:YKL086W
Q05791	sce:YLR215C
P28496	sce:YKL008C
P38875	sce:YHR188C
P38801	sce:YHR081W
P53050	sce:YGR249W
P53301	sce:YGR189C
P47083	sce:YJR002W
P53507	sce:YNL070W
Q12745	sce:YLR440C
P53154	sce:YGL084C
P53953	sce:YNL049C
Q10740	sce:YNL045W
P28834	sce:YNL037C
P47821	sce:YNL025C
P39113	sce:YMR280C
P53834	sce:YNL281W
P38428	sce:YMR264W
P39927	sce:YGR156W
P40546	sce:YIL019W
P42846	sce:YNL308C
Q12460	sce:YLR197W
P11745	sce:YMR235C
P38852	sce:YHR156C
P38728	sce:YHL043W
P12868	sce:YMR231W
Q03655	sce:YMR215W
P29340	sce:YGR133W
P53089	sce:YGL204C
P16862	sce:YMR205C
Q03694	sce:YMR204C
P38756	sce:YHR003C
P53303	sce:YGR211W
Q03236	sce:YMR187C
Q00453	sce:YMR182C
O13587	sce:YPR096C
P43536	sce:YFL068W
Q03795	sce:YMR155W
P40073	sce:YER118C
Q05166	sce:YDL088C
P39711	sce:YAL064W
P38140	sce:YBR239C
Q04272	sce:YMR077C
Q03175	sce:YMR101C
Q03151	sce:YMR097C
P36013	sce:YKL029C
P47142	sce:YJR102C
Q07807	sce:YLL013C
Q02608	sce:YPL013C
P33122	sce:YOR344C
Q12012	sce:YOR289W
Q08686	sce:YOR251C
P36025	sce:YOR062C
P52923	sce:YNR074C
P53736	sce:YNR040W
P40169	sce:YNL194C
Q06053	sce:YLR401C
P32794	sce:YLR397C
Q12418	sce:YLR094C
Q08023	sce:YLR077W
P47172	sce:YJR141W
P40523	sce:YIL055C
P28007	sce:YHR089C
P41903	sce:YJR019C
P47026	sce:YJL091C
Q04734	sce:YMR063W
Q05775	sce:YLR192C
P32861	sce:YKL035W
P38820	sce:YHR111W
Q04712	sce:YML043C
P39979	sce:YEL066W
P38749	sce:YHL009C
P53250	sce:YGR080W
P53397	sce:YML060W
Q03707	sce:YML034W
Q12222	sce:YOL128C
P49957	sce:YML014W
Q06665	sce:YDR314C
Q03446	sce:YDR003W
P07279	sce:YNL301C
P07279	sce:YOL120C
P07267	sce:YPL154C
Q02889	sce:YPL098C
Q12363	sce:YOR230W
P40074	sce:YER119C
Q03407	sce:YDR490C
P24813	sce:YDR423C
Q06385	sce:YDR372C
Q03195	sce:YDR091C
P11710	sce:YCL027W
P38349	sce:YBR273C
P38315	sce:YBR216C
P38263	sce:YBR105C
P38220	sce:YBR027C
P38124	sce:YBR008C
P05754	sce:YBL072C
P05754	sce:YER102W
P40056	sce:YER083C
P40083	sce:YER137C
Q12099	sce:YDR021W
P53101	sce:YGL184C
Q03124	sce:YML127W
Q12746	sce:YML125C
P53290	sce:YGR163W
P53330	sce:YGR275W
P04650	sce:YJL189W
Q03760	sce:YML107C
P38199	sce:YBL032W
Q12191	sce:YDL099W
Q04201	sce:YML101C
P54787	sce:YML097C
P54005	sce:YMR316W
P42221	sce:YMR325W
P42221	sce:YOR394W
P42221	sce:YPL282C
Q03695	sce:YMR206W
P48560	sce:YNL300W
P45819	sce:YGL170C
P37263	sce:YCR087C-A
P00359	sce:YGR192C
P10823	sce:YER020W
Q03935	sce:YDR259C
Q03579	sce:YMR298W
Q03532	sce:YMR290C
P40555	sce:YIL007C
P07246	sce:YMR083W
P53747	sce:YNR061C
P25569	sce:YCL039W
P36076	sce:YKL088W
P25659	sce:YCR076C
P53890	sce:YNL166C
P53891	sce:YNL165W
P53932	sce:YNL095C
P53963	sce:YNL034W
P53970	sce:YNL024C
P53974	sce:YNL020C
P35180	sce:YGR082W
Q07978	sce:YLR031W
Q03148	sce:YMR096W
Q04305	sce:YMR093W
Q03630	sce:YML077W
P53718	sce:YNR009W
Q04969	sce:YML055W
Q04697	sce:YML048W
P53956	sce:YNL046W
P34760	sce:YML028W
P53975	sce:YNL019C
P34160	sce:YMR125W
P53752	sce:YNR066C
Q04603	sce:YDR121W
P40210	sce:YMR140W
P36027	sce:YLR332W
Q08280	sce:YOL137W
Q12035	sce:YLR051C
P40963	sce:YMR127C
P32366	sce:YLR447C
P39744	sce:YOR206W
Q12149	sce:YOR001W
P53913	sce:YNL133C
P53942	sce:YNL072W
P34161	sce:YML027W
Q06417	sce:YLR426W
Q12031	sce:YPR006C
Q05905	sce:YLR301W
Q06563	sce:YLR251W
Q12127	sce:YLR110C
Q07930	sce:YLR016C
P40533	sce:YIL039W
P53195	sce:YGL005C
P43553	sce:YFL050C
P53379	sce:YDR144C
P25619	sce:YCR021C
P32900	sce:YHR149C
P40167	sce:YNL196C
P40579	sce:YIR035C
Q07738	sce:YDL241W
Q06204	sce:YLR446W
Q06216	sce:YLR273C
P16467	sce:YLR134W
P36169	sce:YKR100C
P40459	sce:YIL145C
P40471	sce:YIL124W
P38827	sce:YHR119W
P40041	sce:YER064C
P49775	sce:YDR305C
Q06623	sce:YPR179C
P36112	sce:YKR016W
Q06707	sce:YLR385C
P34165	sce:YDR461W
Q12748	sce:YLR381W
P25042	sce:YPR065W
P37366	sce:YPR025C
Q05934	sce:YLR373C
P40526	sce:YIL049W
P39953	sce:YEL006W
Q06674	sce:YDR317W
P38126	sce:YBR186W
P51862	sce:YLR371W
Q06485	sce:YLR356W
P41698	sce:YLR353W
P33328	sce:YOR327C
P00812	sce:YPL111W
P50861	sce:YOL143C
P42884	sce:YNL331C
P46946	sce:YGL175C
P29509	sce:YDR353W
P38986	sce:YDR321W
P15202	sce:YDR256C
P38122	sce:YBR176W
P36029	sce:YKL174C
Q06135	sce:YLR343W
P05317	sce:YLR340W
P10622	sce:YDL130W
P49167	sce:YLR325C
Q06703	sce:YLR308W
P08004	sce:YNL192W
Q06489	sce:YPR118W
P53982	sce:YNL009W
Q03218	sce:YMR177W
P28625	sce:YMR152W
P40214	sce:YMR144W
Q03629	sce:YML079W
P32802	sce:YLR083C
P31412	sce:YKL080W
P47157	sce:YJR120W
P40509	sce:YIL076W
P40889	sce:YJL225C
P22135	sce:YJL180C
P08525	sce:YJL166W
P40452	sce:YIL157C
P40481	sce:YIL110W
P41277	sce:YIL053W
P40185	sce:YIL051C
P40186	sce:YIL050W
P48362	sce:YGR187C
P53297	sce:YGR178C
P53251	sce:YGR081C
P53077	sce:YGL226W
P40094	sce:YER157W
P22108	sce:YDR530C
Q07684	sce:YDL233W
Q99207	sce:YDL148C
P38913	sce:YDL045C
P80235	sce:YAR035W
P12754	sce:YGR083C
Q12400	sce:YOL093W
Q12692	sce:YOL012C
P53872	sce:YNL190W
P53896	sce:YNL158W
P53927	sce:YNL110C
Q08045	sce:YLR104W
Q07951	sce:YLR021W
Q03180	sce:YKL163W
P36057	sce:YKL154W
P34251	sce:YKL107W
P36092	sce:YKL044W
P47174	sce:YJR146W
P47129	sce:YJR083C
P23641	sce:YJR077C
P47096	sce:YJR025C
P47040	sce:YJL059W
Q06218	sce:YLR276C
P25617	sce:YCR016W
P38307	sce:YBR201W
P38306	sce:YBR197C
P32830	sce:YBR091C
Q05881	sce:YLR287C
Q06224	sce:YLR277C
Q06151	sce:YLR270W
P25301	sce:YDR004W
Q06150	sce:YLR267W
Q03178	sce:YKL164C
Q12303	sce:YLR121C
P23500	sce:YKR052C
P38172	sce:YBL095W
P30624	sce:YOR317W
Q02983	sce:YLR141W
P25338	sce:YGL010W
Q08904	sce:YOR380W
P32565	sce:YIL075C
P04786	sce:YOL006C
P09880	sce:YJL087C
Q03263	sce:YMR279C
Q05899	sce:YLR297W
P47165	sce:YJR133W
P53222	sce:YGR035C
Q12164	sce:YLL023C
P40917	sce:YOR028C
P29704	sce:YHR190W
P53258	sce:YGR100W
Q12122	sce:YDL131W
P33891	sce:YGL145W
P36108	sce:YKL002W
P38842	sce:YHR140W
P24000	sce:YGR148C
Q12138	sce:YLR125W
Q05776	sce:YLR193C
O13549	sce:YLR261C
P35729	sce:YKL057C
P42936	sce:YGR201C
P38260	sce:YBR101C
P40152	sce:YNL217W
P40051	sce:YER078C
P53976	sce:YNL018C
P15019	sce:YLR354C
P53323	sce:YGR262C
P53053	sce:YGL263W
Q05506	sce:YDR341C
P38854	sce:YHR159W
Q12248	sce:YDR016C
P38340	sce:YBR261C
P38353	sce:YBR283C
Q06451	sce:YPR156C
P46682	sce:YGR261C
P38361	sce:YBR296C
P25376	sce:YCL025C
Q04409	sce:YDR516C
P17967	sce:YCL043C
P25626	sce:YCR046C
Q06148	sce:YLR265C
Q12144	sce:YLR064W
P36147	sce:YKR065C
Q05998	sce:YLR237W
Q08446	sce:YOR057W
P32378	sce:YNR041C
Q05942	sce:YLR221C
Q12055	sce:YDL166C
P32335	sce:YLR203C
P38429	sce:YMR263W
Q06324	sce:YLR190W
Q07987	sce:YLR037C
P27344	sce:YBR278W
P06245	sce:YPL203W
P53631	sce:YNR072W
P07272	sce:YLR014C
Q07879	sce:YLL042C
Q12524	sce:YLR151C
Q12455	sce:YLR146C
P20485	sce:YLR133W
Q00245	sce:YIL118W
P16658	sce:YLR105C
P40059	sce:YER088C
P39012	sce:YLR088W
P38693	sce:YHR215W
P47113	sce:YJR053W
Q12247	sce:YLR068W
Q99382	sce:YLR065C
P53274	sce:YGR126W
Q12345	sce:YLR052W
Q07967	sce:YLR030W
P47156	sce:YJR119C
P36004	sce:YKL168C
P53249	sce:YGR079W
Q04751	sce:YMR069W
P42938	sce:YGR205W
P22035	sce:YKR099W
P53335	sce:YGR280C
P32583	sce:YKR092C
P36162	sce:YKR083C
P36161	sce:YKR082W
Q04411	sce:YDR520C
P36123	sce:YKR028W
P35192	sce:YMR021C
P22515	sce:YKL210W
P32463	sce:YKL192C
P32895	sce:YKL181W
Q06213	sce:YPR168W
P48412	sce:YGR072W
P53242	sce:YGR066C
P32342	sce:YKL122C
P38723	sce:YHL048W
P35725	sce:YKL063C
P40851	sce:YPR122W
P26364	sce:YER170W
P10863	sce:YER011W
P38341	sce:YBR262C
P53341	sce:YGR292W
P04397	sce:YBR019C
P38219	sce:YBR025C
P38079	sce:YBR054W
P38237	sce:YBR058C
Q08271	sce:YOL132W
P38238	sce:YBR061C
P46948	sce:YGR195W
P50087	sce:YGR235C
P53332	sce:YGR277C
P00447	sce:YHR008C
P38763	sce:YHR022C
P53584	sce:YNL237W
P53390	sce:YPR138C
P32324	sce:YDR385W
P32324	sce:YOR133W
P38085	sce:YBR069C
P38247	sce:YBR077C
P00635	sce:YBR093C
P39965	sce:YER087W
P40095	sce:YER158C
P23180	sce:YHL021C
P36003	sce:YKL171W
Q08004	sce:YLR074C
P38262	sce:YBR103W
P38120	sce:YBR146W
Q12121	sce:YDL211C
P43573	sce:YFL023W
P38285	sce:YBR158W
P38288	sce:YBR162C
Q08182	sce:YOL028C
P40540	sce:YIL027C
P38374	sce:YBR162W-A
P25375	sce:YCL057W
P38867	sce:YHR177W
P38299	sce:YBR184W
P13712	sce:YBR195C
P38840	sce:YHR137W
P07271	sce:YML061C
P38308	sce:YBR203W
P38151	sce:YBR233W
Q03730	sce:YML018C
P38922	sce:YNL004W
P40556	sce:YIL006W
Q03702	sce:YKL011C
P25583	sce:YCL055W
P40583	sce:YIR039C
P25615	sce:YCR014C
P40363	sce:YJL068C
P25300	sce:YCR038C
P46675	sce:YLR045C
P43609	sce:YFR037C
P25632	sce:YCR052W
P38768	sce:YHR034C
Q07528	sce:YDL113C
Q07988	sce:YLR040C
P25365	sce:YCR067C
P25646	sce:YCR079W
P38738	sce:YHL029C
Q02651	sce:YPL027W
P42937	sce:YGR203W
P32899	sce:YHR148W
P25606	sce:YCR100C
P33893	sce:YBL080C
P40858	sce:YJL096W
Q12219	sce:YOR114W
Q06200	sce:YLR443W
P40562	sce:YIR002C
P00927	sce:YER086W
Q12473	sce:YLL051C
P50112	sce:YDL049C
P40582	sce:YIR038C
Q12229	sce:YDL091C
P21147	sce:YGL055W
Q12184	sce:YPL252C
P25594	sce:YCL069W
P38690	sce:YHR033W
P47027	sce:YJL090C
P08466	sce:YJL208C
P32800	sce:YJL210W
P47087	sce:YJR012C
Q12334	sce:YDL139C
Q07541	sce:YDL121C
P33322	sce:YLR175W
P25694	sce:YDL126C
Q12202	sce:YLR054C
P32643	sce:YER175C
P25566	sce:YCL033C
P38689	sce:YHL011C
P25332	sce:YCR036W
P25366	sce:YCR095C
P43637	sce:YGL179C
Q05946	sce:YLR222C
Q05043	sce:YMR030W
P38115	sce:YBR149W
P38339	sce:YBR260C
P40486	sce:YIL104C
P53185	sce:YGL036W
P40015	sce:YER019W
P53167	sce:YGL063W
Q04947	sce:YDR233C
Q07990	sce:YLR042C
P40076	sce:YER121W
P37265	sce:YCR041W
Q04951	sce:YMR305C
P36017	sce:YOR089C
P47001	sce:YJL158C
P38897	sce:YAR066W
P38897	sce:YHR214W
Q03718	sce:YML023C
P40303	sce:YOL038W
P38330	sce:YBR238C
P36093	sce:YKL043W
P25554	sce:YCL010C
P38146	sce:YBR264C
Q00618	sce:YJL031C
P25627	sce:YCR047C
P38342	sce:YBR265W
P50896	sce:YDR505C
Q04178	sce:YDR399W
P47072	sce:YJL016W
P40462	sce:YIL137C
Q12136	sce:YDL153C
P38180	sce:YBL081W
P40971	sce:YDR034C
P13090	sce:YML116W
Q00381	sce:YJR058C
P39972	sce:YEL075C
Q02256	sce:YIR026C
Q99373	sce:YPL159C
Q99393	sce:YOL101C
P11412	sce:YNL241C
P38225	sce:YBR041W
P38347	sce:YBR271W
Q06523	sce:YPR148C
P53394	sce:YPR003C
P33311	sce:YPL270W
Q99299	sce:YPL158C
P41930	sce:YPL092W
Q02803	sce:YPL052W
P39683	sce:YOR209C
P54867	sce:YOR008C
Q08231	sce:YOL072W
P53757	sce:YNR071C
P53740	sce:YNR048W
P54839	sce:YML126C
Q06689	sce:YLR413W
Q12478	sce:YLR157W-D
Q12478	sce:YLR156W
Q12478	sce:YLR159W
Q12478	sce:YLR161W
Q12478	sce:YLR157W-E
P53983	sce:YNL008C
P25297	sce:YML123C
Q04228	sce:YML013W
P20051	sce:YLR420W
P52910	sce:YLR153C
Q12354	sce:YLR118C
Q12133	sce:YLR066W
P54964	sce:YLR059C
Q07915	sce:YLR009W
P36172	sce:YKR105C
P35994	sce:YKL224C
P36053	sce:YKL160W
P28707	sce:YKL117W
P40577	sce:YIR025W
P40563	sce:YIR003W
P40493	sce:YIL096C
P89114	sce:YHR079C-A
P38777	sce:YHR049W
P17076	sce:YHL033C
P40107	sce:YGL225W
P53080	sce:YGL222C
P53179	sce:YGL045W
Q00684	sce:YFR028C
P43556	sce:YFL047W
P16387	sce:YER178W
Q02771	sce:YER058W
P39941	sce:YEL070W
P39941	sce:YNR073C
P51402	sce:YDR500C
Q04083	sce:YDR438W
Q03976	sce:YDR175C
Q04344	sce:YDL125C
P0C2H8	sce:YDL075W
Q12408	sce:YDL046W
P25574	sce:YCL045C
P33313	sce:YBR155W
P36531	sce:YBR122C
P38244	sce:YBR074W
P34224	sce:YBL059W
P39551	sce:YAR031W
P39707	sce:YAR008W
P13587	sce:YDR040C
P31373	sce:YAL012W
P24814	sce:YJR090C
P39561	sce:YHR212W-A
Q06644	sce:YDR307W
P47035	sce:YJL076W
P05753	sce:YHR203C
P05753	sce:YJR145C
Q08687	sce:YOR252W
P46961	sce:YPL076W
P32770	sce:YDL167C
P53278	sce:YGR130C
P53239	sce:YGR062C
P32495	sce:YDL208W
Q12046	sce:YDL209C
P39968	sce:YEL013W
P38169	sce:YBL098W
P06197	sce:YPR113W
Q07747	sce:YDL243C
P47065	sce:YJL023C
Q12185	sce:YDR018C
P38061	sce:YBL092W
Q12021	sce:YDR030C
P22336	sce:YAR007C
P38113	sce:YBR145W
P38125	sce:YBR180W
Q07500	sce:YDL085W
P47186	sce:YDL247W
P47186	sce:YJR160C
P39954	sce:YER043C
P43618	sce:YFR046C
P43623	sce:YFR055W
P53128	sce:YGL125W
P53079	sce:YGL223C
P38074	sce:YBR034C
P32493	sce:YMR064W
Q12218	sce:YOR009W
P38616	sce:YNL160W
P15565	sce:YDR120C
P13663	sce:YDR158W
Q12464	sce:YPL235W
Q12128	sce:YOR134W
P53735	sce:YNR039C
P07170	sce:YDR226W
P33300	sce:YPL057C
Q12086	sce:YDR263C
Q12420	sce:YOR308C
P53211	sce:YGR018C
P47190	sce:YOR321W
P42947	sce:YJL107C
Q12505	sce:YPL026C
Q06580	sce:YPR188C
Q02895	sce:YPL088W
P40154	sce:YNL215W
P53907	sce:YNL144C
P50106	sce:YDR156W
P38287	sce:YBR161W
P38082	sce:YBR066C
P40026	sce:YER038C
Q12072	sce:YLR095C
Q08001	sce:YLR072W
P18961	sce:YMR104C
P17121	sce:YDR389W
Q06338	sce:YDR361C
P31115	sce:YFL001W
Q03205	sce:YDR042C
Q04562	sce:YDR107C
P14020	sce:YPR183W
Q06675	sce:YDR318W
Q04053	sce:YDR425W
Q03305	sce:YDR465C
Q12297	sce:YPL011C
P40034	sce:YER051W
P27809	sce:YDR483W
P43592	sce:YFR008W
P21623	sce:YDR403W
P40054	sce:YER081W
P39952	sce:YER154W
Q04599	sce:YDR116C
Q07530	sce:YDL114W
Q02685	sce:YPL024W
Q12091	sce:YPL170W
Q07362	sce:YDL053C
P07255	sce:YDL067C
P40993	sce:YDR478W
P40057	sce:YER084W
P53223	sce:YGR036C
P38843	sce:YHR142W
P38932	sce:YGL095C
P32609	sce:YDR323C
Q07896	sce:YLR002C
Q04773	sce:YMR074C
Q06325	sce:YDR349C
P50273	sce:YDR350C
Q06333	sce:YDR357C
Q06344	sce:YDR365C
Q06350	sce:YDR371W
P40335	sce:YJL053W
Q08906	sce:YOR382W
P43621	sce:YFR051C
P47134	sce:YJR089W
Q04062	sce:YDR427W
P21651	sce:YJR021C
Q03338	sce:YDR473C
Q03370	sce:YDR479C
P40463	sce:YIL135C
P40960	sce:YDR488C
P53252	sce:YGR086C
P38325	sce:YBR230C
P48813	sce:YDR508C
P40003	sce:YEL005C
P53158	sce:YGL079W
P39995	sce:YEL018W
P21373	sce:YJR049C
P32621	sce:YEL042W
P39931	sce:YLR250W
P32449	sce:YBR249C
P32613	sce:YEL048C
Q03010	sce:YPL139C
P38998	sce:YIR034C
P39981	sce:YEL064C
P39924	sce:YEL069C
P50277	sce:YNR058W
P38231	sce:YBR047W
P32571	sce:YDR069C
P28263	sce:YEL012W
P53008	sce:YGL027C
Q01163	sce:YGL129C
P53254	sce:YGR090W
P35735	sce:YKL051W
P32901	sce:YKR093W
P49435	sce:YML022W
P38993	sce:YMR058W
Q04487	sce:YMR118C
P32048	sce:YNL073W
P53895	sce:YNL159C
P53833	sce:YNL282W
P25040	sce:YOL022C
Q08213	sce:YOL042W
P02992	sce:YOR187W
Q08601	sce:YOR197W
Q01926	sce:YOR334W
Q08911	sce:YOR388C
Q08285	sce:YOL142W
P42939	sce:YGR206W
P39101	sce:YER048C
P36159	sce:YKR079C
Q12211	sce:YPL212C
Q06493	sce:YPR125W
Q08921	sce:YPL180W
P32791	sce:YLR214W
P25568	sce:YCL038C
P49018	sce:YDR331W
Q03088	sce:YPL032C
P40050	sce:YER077C
P49704	sce:YGR091W
P38292	sce:YBR168W
P38141	sce:YBR240C
P38142	sce:YBR241C
P32771	sce:YDL168W
P49626	sce:YDR012W
Q06640	sce:YDR306C
P53183	sce:YGL039W
P53137	sce:YGL110C
P49723	sce:YGR180C
P42942	sce:YGR210C
P47146	sce:YJR108W
Q12143	sce:YPL233W
P54858	sce:YDR068W
P40065	sce:YER106W
Q08651	sce:YOR246C
P08593	sce:YPR134W
Q12207	sce:YPR149W
P40055	sce:YER082C
Q12069	sce:YDL036C
P43636	sce:YGL065C
P35731	sce:YKL055C
P32644	sce:YER176W
P40080	sce:YER128W
P40085	sce:YER140W
P39944	sce:YER144C
P40088	sce:YER145C
P36096	sce:YKL034W
P10356	sce:YER152C
P10355	sce:YER153C
P43575	sce:YFL020C
Q02864	sce:YPL071C
P46959	sce:YJL125C
P40101	sce:YER186C
P43581	sce:YFL011W
P53294	sce:YGR169C
P25374	sce:YCL017C
Q06543	sce:YLR243W
P06842	sce:YFL026W
P43570	sce:YFL027C
P43567	sce:YFL030W
P43562	sce:YFL040W
P43551	sce:YFL052W
O13578	sce:YLR415C
P43587	sce:YFR003C
P04039	sce:YLR395C
Q12262	sce:YPR046W
P23337	sce:YFR015C
P39003	sce:YDR343C
P35195	sce:YBL001C
Q05611	sce:YDR275W
P28584	sce:YKR050W
Q12691	sce:YDR038C
P47176	sce:YJR148W
P40035	sce:YER053C
P38265	sce:YBR107C
P40532	sce:YIL040W
P17695	sce:YDR513W
Q02969	sce:YPL112C
P00890	sce:YNR001C
Q04412	sce:YDR524C
Q04433	sce:YDR534C
P39932	sce:YDR536W
Q03049	sce:YDR541C
P38800	sce:YHR080C
P04801	sce:YIL078W
P40025	sce:YER037W
P04806	sce:YFR053C
P40510	sce:YIL074C
P10849	sce:YDL044C
P43591	sce:YFR007W
Q08237	sce:YOL080C
P53214	sce:YGR023W
P53259	sce:YGR101W
P53324	sce:YGR263C
P38701	sce:YHL015W
Q12140	sce:YDL037C
Q02770	sce:YPL064C
P53909	sce:YNL141W
P46949	sce:YGR196C
P32902	sce:YHL004W
Q99186	sce:YOL062C
P19955	sce:YFR049W
P47011	sce:YJL137C
P53860	sce:YNL231C
P53188	sce:YGL029W
P32781	sce:YGL032C
P53146	sce:YGL098W
Q12172	sce:YOR162C
P53121	sce:YGL139W
P22855	sce:YGL156W
Q12292	sce:YOL083W
P53750	sce:YNR064C
P40525	sce:YIL052C
P53070	sce:YGL236C
P53061	sce:YGL249W
P53202	sce:YGR003W
P53203	sce:YGR004W
P53207	sce:YGR013W
P33203	sce:YKL012W
Q12029	sce:YOR271C
P48836	sce:YHR039C-A
P53233	sce:YGR052W
Q02783	sce:YPL060W
P53235	sce:YGR054W
P53241	sce:YGR065C
P05735	sce:YBL027W
P05735	sce:YBR084C-A
Q02721	sce:YLR329W
P40260	sce:YGR121C
P53317	sce:YGR251W
P48361	sce:YGR097W
P05740	sce:YKL180W
P49090	sce:YGR124W
P48234	sce:YGR145W
P48236	sce:YGR149W
P38590	sce:YNL053W
P53292	sce:YGR165W
P53388	sce:YPL265W
P32893	sce:YGR166W
Q07376	sce:YDL054C
P00724	sce:YIL162W
P40988	sce:YMR319C
P32340	sce:YML120C
P40106	sce:YER062C
P53892	sce:YNL164C
P33330	sce:YOR184W
Q02786	sce:YPL056C
P50079	sce:YGR223C
Q08912	sce:YOR389W
P53314	sce:YGR247W
P53732	sce:YNR036C
P53327	sce:YGR271W
P53331	sce:YGR276C
P32527	sce:YGR285C
Q12318	sce:YLR376C
P13434	sce:YBL021C
Q99188	sce:YOR107W
P38740	sce:YHL026C
P38758	sce:YHR009C
P38705	sce:YHR011W
P53141	sce:YGL106W
Q99260	sce:YLR262C
Q06139	sce:YLR346C
Q06144	sce:YLR350W
P40161	sce:YNL206C
P38297	sce:YBR179C
P00560	sce:YCR012W
Q06704	sce:YLR309C
P36165	sce:YKR089C
P43537	sce:YFL067W
P38786	sce:YHR062C
P38787	sce:YHR063C
P38829	sce:YHR122W
P38695	sce:YHR096C
P25359	sce:YCR035C
P38822	sce:YHR114W
Q99190	sce:YDL015C
P04451	sce:YBL087C
P04451	sce:YER117W
P53246	sce:YGR071C
P06775	sce:YGR191W
Q12379	sce:YDR260C
Q07949	sce:YLR019W
P40574	sce:YIR018W
Q12171	sce:YOR147W
P40466	sce:YIL131C
Q03508	sce:YMR265C
P53616	sce:YNL066W
Q04004	sce:YDR183W
P33751	sce:YDR538W
P43599	sce:YFR018C
P43617	sce:YFR045W
P05743	sce:YLR344W
P38773	sce:YHR043C
Q07629	sce:YDL218W
P40353	sce:YOR377W
Q03208	sce:YML119W
P27515	sce:YNR012W
P16451	sce:YGR193C
P42941	sce:YGR208W
P22803	sce:YGR209C
P38707	sce:YHR019C
Q12025	sce:YDR056C
P41910	sce:YDR005C
P39563	sce:YAR064W
P23900	sce:YLL043W
Q07648	sce:YDL219W
Q12421	sce:YDR022C
P14682	sce:YDR054C
Q12454	sce:YDR067C
Q05530	sce:YDR286C
P46993	sce:YJL170C
P0C0W1	sce:YJL190C
P36060	sce:YKL150W
P25656	sce:YCR094W
P53135	sce:YGL113W
P32588	sce:YNL016W
P53129	sce:YGL124C
P52490	sce:YDR092W
P43604	sce:YFR026C
P53111	sce:YGL157W
P40537	sce:YIL031W
P47119	sce:YJR069C
P36064	sce:YKL137W
Q02486	sce:YMR072W
P38958	sce:YDR079W
P37296	sce:YMR054W
P46956	sce:YJL117W
P46973	sce:YJR055W
Q02890	sce:YPL096W
P38041	sce:YBL085W
P53193	sce:YGL018C
P14120	sce:YGL030W
P53219	sce:YGR031W
P53264	sce:YGR110W
P40187	sce:YIL045W
P07266	sce:YIR021W
P47050	sce:YJL047C
P40366	sce:YJL065C
P47977	sce:YLR136C
P53427	sce:YLR461W
Q03102	sce:YML131W
P32462	sce:YNL280C
Q12442	sce:YOL002C
P22140	sce:YHR123W
P40422	sce:YHR143W-A
P38682	sce:YER122C
P38849	sce:YHR151C
P38858	sce:YHR163W
P38860	sce:YHR168W
P00925	sce:YHR174W
P04819	sce:YDL164C
P38828	sce:YHR121W
P20459	sce:YJR007W
Q12246	sce:YOR171C
P38884	sce:YHR198C
P38698	sce:YHR201C
Q05015	sce:YMR222C
P53728	sce:YNR028W
Q08816	sce:YOR352W
P40308	sce:YMR313C
P38256	sce:YBR096W
P38293	sce:YBR173C
P32945	sce:YPL179W
P38152	sce:YBR291C
P25373	sce:YCL035C
Q04120	sce:YDR453C
P40516	sce:YIL064W
P40497	sce:YIL092W
P40492	sce:YIL097W
P32461	sce:YKL191W
P25045	sce:YMR296C
P40483	sce:YIL108W
P15303	sce:YPR181C
P38907	sce:YDR254W
P22148	sce:YOL116W
P40474	sce:YIL121W
P40572	sce:YIR016W
P46944	sce:YDR108W
P47077	sce:YJL010C
P38741	sce:YHL024W
P40361	sce:YJL070C
Q04398	sce:YDR504C
P53057	sce:YGL259W
P40360	sce:YJL071W
P40359	sce:YJL072C
P47033	sce:YJL078C
P46984	sce:YJL184W
Q06630	sce:YDR296W
Q01939	sce:YGL048C
P19812	sce:YGR184C
P27636	sce:YAR019C
P34244	sce:YKL101W
P25342	sce:YCR002C
P47086	sce:YJR011C
P47101	sce:YJR030C
P38300	sce:YBR185C
P53951	sce:YNL051W
P53867	sce:YNL223W
P29311	sce:YER177W
P21657	sce:YIR023W
P17505	sce:YKL085W
P41832	sce:YNL271C
P38631	sce:YLR342W
P06781	sce:YNL090W
P40965	sce:YFL003C
P53231	sce:YGR050C
Q03558	sce:YHR179W
P32573	sce:YNL202W
P38272	sce:YBR130C
P32492	sce:YAL029C
Q12216	sce:YOR156C
P36080	sce:YKL082C
P50111	sce:YMR273C
P08964	sce:YHR023W
P38324	sce:YBR228W
P53894	sce:YNL161W
Q12244	sce:YLL054C
P38836	sce:YHR132C
P40482	sce:YIL109C
P09938	sce:YJL026W
P53973	sce:YNL021W
P20840	sce:YJR004C
P02557	sce:YFL037W
P53541	sce:YNL012W
P38825	sce:YHR117W
P32904	sce:YHR147C
P40484	sce:YIL106W
P40454	sce:YIL153W
Q03653	sce:YMR212C
Q12017	sce:YOR281C
P53045	sce:YGR060W
P47085	sce:YJR008W
P37298	sce:YDR178W
Q03941	sce:YDR196C
P36421	sce:YGR185C
P27614	sce:YJL172W
P32597	sce:YIL126W
P38856	sce:YHR161C
Q12004	sce:YPR056W
P35169	sce:YJR066W
P21705	sce:YNL314W
P31377	sce:YAL014C
P27472	sce:YLR258W
Q02100	sce:YNL167C
P53150	sce:YGL090W
Q02825	sce:YPL083C
O74700	sce:YEL020W-A
P38991	sce:YPL209C
P32479	sce:YBL008W
P32591	sce:YJL176C
P32480	sce:YOR038C
Q05359	sce:YAR002C-A
P39704	sce:YAL007C
P00175	sce:YML054C
P32641	sce:YER173W
Q99394	sce:YOR115C
P43682	sce:YKL006C-A
P38968	sce:YDL195W
Q06632	sce:YDR301W
P42841	sce:YNL317W
P34216	sce:YBL047C
Q03862	sce:YDR101C
P40069	sce:YER110C
P46673	sce:YJR042W
P32367	sce:YBR123C
P39705	sce:YAR002W
P11484	sce:YDL229W
Q02932	sce:YPL125W
P89102	sce:YDR166C
Q02767	sce:YPL065W
P53152	sce:YGL087C
P32849	sce:YLR032W
P38881	sce:YHR195W
Q08096	sce:YOL010W
P47045	sce:YJL054W
Q06032	sce:YLR394W
Q04675	sce:YMR059W
P40987	sce:YOR349W
Q01590	sce:YLR026C
P24719	sce:YOR351C
P34110	sce:YJL154C
P02994	sce:YBR118W
P02994	sce:YPR080W
Q92331	sce:YOR069W
P40541	sce:YIL026C
Q04002	sce:YDR180W
Q12158	sce:YDL003W
P28791	sce:YDR498C
P25604	sce:YCL008C
P15646	sce:YDL014W
Q6Q547	sce:YHR072W-A
Q12499	sce:YOR310C
P20604	sce:YDL047W
P21801	sce:YLL041C
P33421	sce:YKL141W
P32558	sce:YGL207W
P32447	sce:YJL115W
Q06639	sce:YDR303C
P49956	sce:YMR078C
P07276	sce:YGR258C
P06103	sce:YOR361C
P38249	sce:YBR079C
P32559	sce:YMR023C
P35207	sce:YLR398C
P40856	sce:YJL098W
P00445	sce:YJR104C
P38228	sce:YBR044C
P38931	sce:YDR443C
P25390	sce:YCR073C
Q04359	sce:YMR017W
Q12038	sce:YPR032W
Q07688	sce:YDL235C
P32319	sce:YBL017C
P38929	sce:YGL006W
Q12071	sce:YDR027C
Q12432	sce:YPR023C
Q02208	sce:YKR010C
P32341	sce:YKL119C
P20795	sce:YLR396C
P36015	sce:YKL196C
P53197	sce:YGL003C
Q05949	sce:YLR226W
P47058	sce:YJL035C
P46957	sce:YJR006W
P46681	sce:YDL178W
P31385	sce:YAL013W
P40564	sce:YIR004W
P54860	sce:YDL190C
Q07921	sce:YLR010C
P41814	sce:YNL062C
P06844	sce:YDR392W
Q03280	sce:YDR457W
Q02931	sce:YPL126W
P36130	sce:YKR036C
P43569	sce:YFL028C
P38814	sce:YHR103W
P43601	sce:YFR021W
Q04958	sce:YML059C
P11938	sce:YNL216W
P10964	sce:YOR341W
Q03125	sce:YDR043C
Q08723	sce:YOR261C
P32867	sce:YPL232W
P50090	sce:YGR238C
P21965	sce:YNL307C
P20134	sce:YOR140W
P38915	sce:YLR055C
P17442	sce:YGR233C
Q06449	sce:YPR154W
P39107	sce:YPL050C
P53212	sce:YGR021W
Q12151	sce:YDR213W
P17629	sce:YDR138W
P53552	sce:YNL139C
P39732	sce:YAL031C
P35845	sce:YAR042W
P53046	sce:YGR070W
P40494	sce:YIL095W
P40453	sce:YIL156W
P36037	sce:YKL213C
P36119	sce:YKR023W
P13186	sce:YLR096W
Q12043	sce:YOR081C
P53142	sce:YGL104C
P53947	sce:YNL058C
P00950	sce:YKL152C
Q08673	sce:YOR247W
P15274	sce:YML035C
Q06108	sce:YPR115W
P41544	sce:YJL004C
P38351	sce:YBR279W
Q12168	sce:YLR144C
Q04003	sce:YDR181C
P46678	sce:YNL039W
P40327	sce:YDL007W
P47061	sce:YJL029C
Q08873	sce:YOR367W
P08458	sce:YDR523C
P14742	sce:YKL104C
P39692	sce:YFR030W
P16861	sce:YGR240C
P38788	sce:YHR064C
Q08444	sce:YOR056C
Q12466	sce:YOR086C
P08524	sce:YJL167W
Q08235	sce:YOL077C
P53914	sce:YNL132W
P25586	sce:YCL059C
Q12522	sce:YPR016C
P33202	sce:YKL010C
P07283	sce:YFL045C
P35182	sce:YDL006W
P30665	sce:YPR019W
P32528	sce:YBR208C
Q03940	sce:YDR190C
P47100	sce:YJR029W
P38011	sce:YMR116C
Q03921	sce:YDR141C
Q12734	sce:YPR030W
P26448	sce:YMR055C
P10081	sce:YJL138C
P10081	sce:YKR059W
Q12494	sce:YDR017C
P20049	sce:YBR166C
Q07533	sce:YDL117W
P53941	sce:YNL075W
P36150	sce:YKR069W
P40317	sce:YDR006C
P14126	sce:YOR063W
P53960	sce:YNL040W
Q04835	sce:YMR253C
P38077	sce:YBR039W
P53950	sce:YNL054W
Q04373	sce:YDR496C
P39077	sce:YJL014W
P53119	sce:YGL141W
P09436	sce:YBL076C
P53861	sce:YNL230C
Q12427	sce:YDR169C
Q08496	sce:YOR080W
Q03690	sce:YMR012W
P53961	sce:YNL038W
P28817	sce:YDR036C
P38779	sce:YHR052W
P33399	sce:YDL051W
P53163	sce:YGL068W
P47019	sce:YJL122W
P53978	sce:YNL014W
P04840	sce:YNL055C
P38755	sce:YHR001W
P39987	sce:YEL030W
P25294	sce:YNL007C
P24276	sce:YDR293C
P50101	sce:YMR304W
P32582	sce:YGR155W
Q07657	sce:YDL225W
P38774	sce:YHR044C
P05694	sce:YER091C
P10127	sce:YGL256W
P38891	sce:YHR208W
P32797	sce:YDL220C
Q12398	sce:YOR032C
P07806	sce:YGR094W
P26309	sce:YGL116W
P23542	sce:YLR027C
P07260	sce:YOL139C
P53883	sce:YNL175C
Q08975	sce:YPL258C
P38352	sce:YBR280C
P40413	sce:YJR064W
Q05979	sce:YLR231C
P24783	sce:YNL112W
Q05022	sce:YMR229C
P38789	sce:YHR066W
P40010	sce:YER006W
P51534	sce:YOR035C
P41735	sce:YOR125C
P37012	sce:YMR105C
P36010	sce:YKL067W
P14747	sce:YML057W
P23394	sce:YDR243C
Q01560	sce:YDR432W
P32328	sce:YPR111W
P38719	sce:YHR169W
P21524	sce:YER070W
Q07505	sce:YDL086W
Q12389	sce:YDL031W
Q08208	sce:YOL041C
P34241	sce:YKL014C
P34252	sce:YKL108W
P14832	sce:YDR155C
P15424	sce:YDR194C
P36160	sce:YKR081C
Q12230	sce:YPL004C
Q12754	sce:YPL012W
Q12159	sce:YDR381W
Q03957	sce:YKL139W
P43583	sce:YFL007W
P38333	sce:YBR247C
P38797	sce:YHR076W
P53086	sce:YGL216W
Q06631	sce:YDR299W
P06738	sce:YPR160W
P40078	sce:YER126C
P40496	sce:YIL093C
P47120	sce:YJR070C
P31383	sce:YAL016W
P41810	sce:YDR238C
P00937	sce:YKL211C
P38861	sce:YHR170W
P30606	sce:YOL103W
Q12024	sce:YOR272W
P36139	sce:YKR046C
Q06337	sce:YDR359C
P39079	sce:YDR188W
P38879	sce:YHR193C
Q05931	sce:YLR369W
Q07963	sce:YLR024C
P53136	sce:YGL111W
P23776	sce:YLR300W
P40007	sce:YER002W
P27692	sce:YML010W
P39521	sce:YPR104C
P41813	sce:YNL068C
P31374	sce:YAL017W
Q07478	sce:YDL084W
O13539	sce:YHR167W
P51996	sce:YGL210W
P38323	sce:YBR227C
P40215	sce:YMR145C
P38911	sce:YML074C
P53261	sce:YGR103W
Q12276	sce:YOR227W
P33329	sce:YDR436W
P38720	sce:YHR183W
Q05040	sce:YMR029C
P43586	sce:YFR001W
P39985	sce:YEL055C
P53944	sce:YNL063W
P38623	sce:YLR248W
P38321	sce:YBR225W
P40850	sce:YNL085W
P39004	sce:YDR342C
Q12032	sce:YOR215C
P34163	sce:YKL140W
Q06211	sce:YPR164W
P41811	sce:YGL137W
P32464	sce:YKL189W
P39006	sce:YNL169C
P32368	sce:YKL212W
P53739	sce:YNR047W
P42945	sce:YJL109C
P38691	sce:YHR082C
P25808	sce:YFL002C
P40693	sce:YNL002C
P39984	sce:YEL056W
Q12019	sce:YLR106C
P28272	sce:YKL216W
P47166	sce:YJR134C
P18238	sce:YBR085W
P32657	sce:YER164W
Q04693	sce:YML049C
P53067	sce:YGL241W
P32349	sce:YPR190C
P32581	sce:YJL106W
Q06679	sce:YDR324C
P47143	sce:YJR105W
P40565	sce:YIR005W
Q08773	sce:YOR304W
Q12074	sce:YPR069C
P18239	sce:YBL030C
P32332	sce:YKL120W
P42935	sce:YGR200C
P33201	sce:YKL009W
Q03162	sce:YMR100W
P53131	sce:YGL120C
P40156	sce:YNL213C
Q04410	sce:YDR517W
P38737	sce:YHL030W
P35178	sce:YDR087C
P39976	sce:YEL071W
P22133	sce:YOL126C
P40495	sce:YIL094C
P27801	sce:YLR148W
P50094	sce:YML056C
P53316	sce:YGR250C
P19735	sce:YBR055C
Q02354	sce:YDR449C
P22141	sce:YER012W
P38873	sce:YHR186C
P05030	sce:YGL008C
P11154	sce:YGL062W
P38886	sce:YHR200W
P18412	sce:YBR083W
P42838	sce:YNL323W
Q08387	sce:YOR005C
P53117	sce:YGL146C
Q03942	sce:YDR198C
P16550	sce:YCL050C
P41318	sce:YNL006W
P32333	sce:YPL082C
P39730	sce:YAL035W
P22134	sce:YER142C
P20484	sce:YKL021C
P40991	sce:YNL061W
P38111	sce:YBR136W
P36008	sce:YKL081W
P19158	sce:YOL081W
P10507	sce:YLR163C
P40354	sce:YJR062C
P31378	sce:YAL015C
P32892	sce:YLL008W
P00427	sce:YHR051W
P00817	sce:YBR011C
Q12236	sce:YOL100W
P04912	sce:YBL003C
P23595	sce:YDL188C
P53130	sce:YGL121C
P32345	sce:YDR075W
P38148	sce:YBR276C
Q08972	sce:YPL226W
P15179	sce:YPL104W
Q05778	sce:YLR199C
P14065	sce:YOR120W
P15180	sce:YDR037W
P30620	sce:YMR137C
P38427	sce:YML100W
Q03785	sce:YDR247W
P16622	sce:YOR176W
Q02159	sce:YMR022W
P53879	sce:YNL180C
Q08438	sce:YOR054C
P00958	sce:YGR264C
Q03081	sce:YPL038W
P43564	sce:YFL034W
P38885	sce:YHR199C
Q03648	sce:YMR209C
P34227	sce:YBL064C
Q04372	sce:YMR028W
P29952	sce:YER003C
P40513	sce:YIL070C
P22470	sce:YDR143C
P53286	sce:YGR142W
P47098	sce:YJR027W
Q00055	sce:YDL022W
P41911	sce:YOL059W
P32844	sce:YIL068C
P39735	sce:YAL027W
P08417	sce:YPL262W
P32264	sce:YDR300C
Q01454	sce:YPR135W
P34223	sce:YBL058W
Q08215	sce:YOL044W
P32316	sce:YBL015W
P19414	sce:YLR304C
Q12749	sce:YLR383W
P32634	sce:YER132C
P53912	sce:YNL134C
P26637	sce:YPL160W
Q03264	sce:YMR285C
P22276	sce:YOR207C
P53064	sce:YGL244W
P06634	sce:YOR204W
P06168	sce:YLR355C
P31116	sce:YJR139C
P25333	sce:YCR008W
P27476	sce:YGR159C
P04076	sce:YHR018C
P36041	sce:YKL204W
P08431	sce:YBR018C
P16547	sce:YIL136W
P13259	sce:YGR202C
Q04894	sce:YMR318C
P22768	sce:YOL058W
P36007	sce:YKL218C
P38114	sce:YBR150C
P38013	sce:YLR109W
P40043	sce:YER067W
P36016	sce:YKL073W
P53196	sce:YGL004C
Q06506	sce:YPR137W
P32327	sce:YBR218C
P36114	sce:YKR018C
Q06490	sce:YPR121W
P39966	sce:YER089C
P32863	sce:YGL163C
P38622	sce:YGL158W
P14291	sce:YLR263W
P32787	sce:YJR144W
Q12050	sce:YOR144C
P38708	sce:YHR020W
P38271	sce:YBR129C
P38174	sce:YBL091C
Q02961	sce:YPL113C
P40561	sce:YIR001C
P41808	sce:YPR054W
P37302	sce:YBR286W
Q02642	sce:YPL037C
P07284	sce:YDR023W
P22203	sce:YOR332W
Q12325	sce:YLR092W
P36146	sce:YKR063C
P34164	sce:YGL208W
P22146	sce:YMR307W
P12684	sce:YLR450W
Q04279	sce:YMR086W
P39518	sce:YER015W
P38792	sce:YHR069C
P38009	sce:YMR120C
P16120	sce:YCR053W
Q03640	sce:YML072C
P25719	sce:YML078W
P32471	sce:YAL003W
Q12083	sce:YPL164C
P53916	sce:YNL128W
Q07878	sce:YLL040C
P05986	sce:YKL166C
Q12338	sce:YLR154C
P36168	sce:YKR096W
P47047	sce:YJL050W
P47002	sce:YJL156C
P40534	sce:YIL037C
P41338	sce:YPL028W
P53201	sce:YGR002C
Q05911	sce:YLR359W
P15625	sce:YFL022C
P15703	sce:YGR282C
P52491	sce:YLR306W
P36148	sce:YKR067W
P39928	sce:YIL147C
P40825	sce:YOR335C
Q08961	sce:YPL208W
P38882	sce:YHR196W
Q08923	sce:YPL181W
P21576	sce:YKR001C
P38197	sce:YBL036C
P38191	sce:YBL049W
P32580	sce:YPL029W
Q08217	sce:YOL045W
P38319	sce:YBR223C
P38109	sce:YBR139W
P39962	sce:YER123W
P39526	sce:YJL207C
P41816	sce:YPL171C
P36019	sce:YNL093W
P40547	sce:YIL017C
P53076	sce:YGL227W
P53209	sce:YGR016W
Q07381	sce:YDL060W
P53192	sce:YGL020C
Q12510	sce:YDL156W
P13711	sce:YGL205W
P39967	sce:YER098W
P53226	sce:YGR041W
Q06668	sce:YDR316W
Q05498	sce:YDR339C
P53743	sce:YNR054C
Q06132	sce:YLR336C
P40028	sce:YER041W
P43597	sce:YFR016C
P00815	sce:YCL030C
Q06409	sce:YLR422W
P53156	sce:YGL081W
P32642	sce:YER174C
Q07825	sce:YLL029W
Q06511	sce:YPR143W
Q99271	sce:YLR138W
P36049	sce:YKL172W
P40362	sce:YJL069C
Q06078	sce:YLR409C
P40355	sce:YJR061W
P53598	sce:YOR142W
Q12100	sce:YDL025C
P47005	sce:YJL149W
Q12523	sce:YPL247C
P36113	sce:YKR017C
P08566	sce:YDR127W
P33333	sce:YDL052C
P39721	sce:YAL049C
P43550	sce:YFL053W
P38112	sce:YBR142W
P19263	sce:YLR071C
P40208	sce:YMR135C
P19658	sce:YJL085W
P53326	sce:YGR266W
P38241	sce:YBR065C
P38712	sce:YHR065C
P32386	sce:YLL048C
Q03722	sce:YML020W
Q06001	sce:YLR238W
Q06152	sce:YLR271W
Q12347	sce:YLR097C
Q06287	sce:YLR186W
P40019	sce:YER030W
Q12220	sce:YLR129W
Q06164	sce:YLR320W
P25628	sce:YCR048W
Q06436	sce:YLR427W
P38088	sce:YBR121C
Q03714	sce:YML029W
P36775	sce:YBL022C
Q12161	sce:YOL054W
P53897	sce:YNL157W
P31380	sce:YAL019W
Q04636	sce:YML069W
Q99247	sce:YOL087C
P46943	sce:YLR289W
Q12003	sce:YPL236C
Q12531	sce:YPR015C
Q12265	sce:YOL061W
P38331	sce:YBR242W
P39992	sce:YEL023C
P38710	sce:YHR046C
Q06834	sce:YPR093C
P38805	sce:YHR088W
P04046	sce:YMR300C
P35181	sce:YLR170C
P07347	sce:YHR013C
P32608	sce:YGL252C
P39104	sce:YNL267W
P39960	sce:YER155C
P53313	sce:YGR245C
P38996	sce:YPL190C
P21826	sce:YIR031C
P21771	sce:YDR337W
Q03654	sce:YMR213W
P49955	sce:YMR288W
P52868	sce:YGL128C
P53333	sce:YGR278W
P22202	sce:YER103W
P38360	sce:YBR295W
P40340	sce:YGR270W
P38634	sce:YLR079W
P10080	sce:YHL034C
Q06554	sce:YLR247C
P36167	sce:YKR091W
P13185	sce:YDR122W
P12945	sce:YDL040C
P04037	sce:YGL187C
P20448	sce:YJL033W
P25386	sce:YDL058W
P10659	sce:YLR180W
Q08965	sce:YPL217C
P53859	sce:YNL232W
P00424	sce:YNL052W
P38859	sce:YHR164C
Q04217	sce:YMR128W
Q02773	sce:YML091C
P39715	sce:YAL059W
P43572	sce:YFL024C
P53930	sce:YNL107W
P40961	sce:YGR132C
Q04651	sce:YML067C
P39727	sce:YAL042W
Q03103	sce:YML130C
P09440	sce:YBR084W
P06169	sce:YLR044C
Q03214	sce:YMR176W
P40061	sce:YER093C
Q12373	sce:YLL022C
Q06412	sce:YLR425W
P53843	sce:YNL265C
P38144	sce:YBR245C
Q02206	sce:YKR008W
Q08119	sce:YOL017W
P53125	sce:YGL133W
P41807	sce:YPR036W
P40024	sce:YER036C
P25382	sce:YCR072C
P53145	sce:YGL099W
P40970	sce:YDR062W
P39993	sce:YEL022W
P07264	sce:YGL009C
P25567	sce:YCL037C
P40890	sce:YJL222W
P43596	sce:YFR013W
P36070	sce:YKL125W
P07702	sce:YBR115C
Q05518	sce:YDR348C
Q02884	sce:YPL101W
P00924	sce:YGR254W
P43561	sce:YFL041W
P53037	sce:YGR170W
P42826	sce:YGR194C
P36520	sce:YNL284C
Q06090	sce:YPR100W
P26754	sce:YNL312W
P36516	sce:YMR024W
P38628	sce:YEL058W
P28005	sce:YAL033W
P18409	sce:YAL010C
P53875	sce:YNL185C
P51998	sce:YML025C
Q03723	sce:YML019W
P48363	sce:YGR078C
P12695	sce:YNL071W
Q03308	sce:YPL045W
P38630	sce:YOR217W
P38291	sce:YBR167C
Q06678	sce:YDR322W
P29469	sce:YBL023C
P32590	sce:YBR169C
Q12321	sce:YPR070W
P40508	sce:YIL077C
P12686	sce:YGR084C
P33759	sce:YBR251W
Q03246	sce:YMR188C
P36526	sce:YBR282W
Q08647	sce:YOR243C
P25642	sce:YCR071C
P12687	sce:YNL005C
P36533	sce:YML009C
P19956	sce:YMR225C
P36519	sce:YDR237W
P31334	sce:YGR220C
P22354	sce:YKR085C
P23369	sce:YGR076C
P53874	sce:YNL186W
Q06321	sce:YLR189C
O14464	sce:YPL183W-A
P38783	sce:YHR059W
O75012	sce:YDL045W-A
P28778	sce:YKL003C
P38175	sce:YBL090W
Q08622	sce:YOR205C
P53256	sce:YGR095C
Q03782	sce:YDR240C
Q05900	sce:YLR298C
P40468	sce:YIL129C
P11633	sce:YBR089C-A
P38344	sce:YBR267W
P36517	sce:YLR439W
Q03799	sce:YMR158W
P10662	sce:YDR347W
P47141	sce:YJR101W
P54885	sce:YOR323C
P38205	sce:YBL024W
P41812	sce:YNL221C
P35728	sce:YKL059C
Q12532	sce:YPL009C
P36527	sce:YDR462W
P22353	sce:YJL063C
P53866	sce:YNL224C
Q03735	sce:YML117W
Q04867	sce:YMR310C
P53538	sce:YNL222W
Q08960	sce:YPL207W
P53114	sce:YGL151W
P46669	sce:YOR340C
P34087	sce:YDR404C
P20436	sce:YOR224C
P53617	sce:YNL251C
Q12680	sce:YDL171C
P37292	sce:YBR263W
P05736	sce:YFR031C-A
P05736	sce:YIL018W
Q02792	sce:YOR048C
P45818	sce:YGL171W
P48743	sce:YLR176C
P21538	sce:YBR049C
P43535	sce:YFR009W
P22007	sce:YDL090C
Q04740	sce:YMR234W
P35996	sce:YKL170W
Q07532	sce:YDL115C
P22219	sce:YBR097W
Q08553	sce:YOR179C
P38089	sce:YBR125C
P17890	sce:YNL151C
P47076	sce:YJL011C
P12709	sce:YBR196C
P53096	sce:YGL194C
P46995	sce:YJL168C
P36124	sce:YKR029C
P39078	sce:YDL143W
P40204	sce:YFL017W-A
P20424	sce:YPR088C
P38687	sce:YPL243W
P38688	sce:YPL210C
P32589	sce:YPL106C
Q12487	sce:YOR150W
P36036	sce:YKL214C
P48415	sce:YPL085W
P29478	sce:YML105C
Q02455	sce:YKR095W
Q12348	sce:YOL117W
P53600	sce:YPL010W
P47130	sce:YJR084W
P53165	sce:YGL066W
P38985	sce:YDL092W
P23293	sce:YPR161C
P42842	sce:YNL313C
P38355	sce:YBR287W
P00942	sce:YDR050C
P29547	sce:YPL048W
P34111	sce:YAL001C
Q12308	sce:YPL007C
P23254	sce:YPR074C
P25303	sce:YMR214W
P07866	sce:YAL024C
P40434	sce:YIL177C
Q04806	sce:YMR251W
Q06673	sce:YLR436C
P33332	sce:YER008C
P52892	sce:YDR111C
P43593	sce:YFR010W
P47104	sce:YJR033C
P16140	sce:YBR127C
P28003	sce:YAL034C
P39719	sce:YAL053W
P53094	sce:YGL197W
P40160	sce:YNL207W
Q99216	sce:YOR145C
Q07458	sce:YDL076C
P39990	sce:YEL026W
P53049	sce:YGR281W
P32898	sce:YDR430C
Q06512	sce:YPR144C
P53260	sce:YGR102C
P47039	sce:YJL060W
P47089	sce:YJR014W
P40084	sce:YER139C
Q07844	sce:YLL034C
P14540	sce:YKL060C
Q06407	sce:YDR379W
P53276	sce:YGR128C
Q05021	sce:YMR227C
P34072	sce:YNL076W
Q03784	sce:YDR246W
Q12463	sce:YOL124C
P40969	sce:YMR168C
P36104	sce:YKL018W
P38337	sce:YBR258C
P53685	sce:YOL068C
Q12192	sce:YOR279C
P46676	sce:YDR310C
P38153	sce:YBR288C
O14467	sce:YOR298C-A
P25579	sce:YCL051W
P32905	sce:YGR214W
Q06676	sce:YDR319C
P39531	sce:YJL204C
Q03956	sce:YDR202C
P48510	sce:YMR276W
O13563	sce:YLR421C
P43605	sce:YFR027W
Q04264	sce:YMR076C
P48559	sce:YNL304W
P38637	sce:YIR011C
P21957	sce:YHL020C
P26798	sce:YDR123C
P17883	sce:YPR189W
Q04847	sce:YMR258C
Q08109	sce:YOL013C
P38766	sce:YHR031C
P41912	sce:YOL110W
P57744	sce:YJR135W-A
P53299	sce:YGR181W
Q02939	sce:YPL122C
Q02776	sce:YPL063W
Q06340	sce:YDR363W
P00431	sce:YKR066C
P40341	sce:YMR089C
P32915	sce:YLR378C
P39717	sce:YAL056W
P40343	sce:YNR006W
Q08749	sce:YOR297C
P38283	sce:YBR156C
P12351	sce:YLR256W
P12683	sce:YML075C
P00410	sce:Q0250
P38273	sce:YBR131W
P07390	sce:YNR045W
P53378	sce:YLR212C
P40005	sce:YEL003W
P25580	sce:YCL052C
P33400	sce:YHL027W
P38760	sce:YHR015W
Q03661	sce:YMR219W
Q12009	sce:YDL201W
P16664	sce:YDR137W
Q02805	sce:YOR018W
P53298	sce:YGR179C
P35201	sce:YKL089W
P32387	sce:YDR405W
Q08245	sce:YOL109W
P33323	sce:YHR157W
P28795	sce:YDR329C
Q05568	sce:YDR265W
Q04370	sce:YMR026C
P53551	sce:YPL127C
P50275	sce:YOR058C
P38735	sce:YHL035C
P47114	sce:YJR054W
Q12048	sce:YPL250C
P53819	sce:YNL339C
P53836	sce:YNL278W
Q06266	sce:YLR183C
Q04383	sce:YDR501W
Q08981	sce:YPL267W
P33306	sce:YER167W
P38909	sce:YOR037W
P23179	sce:YHL022C
P38928	sce:YIL140W
P47116	sce:YJR059W
P53071	sce:YGL235W
Q05812	sce:YLR219W
P38721	sce:YHL050C
Q12416	sce:YOR083W
Q04930	sce:YDR223W
Q12369	sce:YLL003W
P34233	sce:YKL185W
Q12057	sce:YOR104W
P28743	sce:YPL155C
P47136	sce:YJR092W
Q05854	sce:YLR278C
P42839	sce:YNL321W
Q08236	sce:YOL078W
P32504	sce:YGR140W
Q03071	sce:YPL046C
P32445	sce:YCR028C-A
Q03619	sce:YER160C
P40456	sce:YIL151C
Q06497	sce:YPR128C
P26188	sce:YDL200C
Q03612	sce:YER138C
P03875	sce:Q0050
Q03964	sce:YDR170W-A
Q02979	sce:YPL110C
Q06011	sce:YLR390W
P47023	sce:YJL114W
P38286	sce:YBR159W
P41815	sce:YDR046C
P53344	sce:YGR295C
P39546	sce:YAR023C
P39552	sce:YAR033W
P38819	sce:YHR110W
P38195	sce:YBL043W
Q12260	sce:YBL100W-A
P38143	sce:YBR244W
P53915	sce:YNL129W
P39548	sce:YAR028W
P35206	sce:YBR036C
Q12450	sce:YOR016C
P46965	sce:YJR010C-A
P31381	sce:YAL022C
P31382	sce:YAL023C
P38988	sce:YDL198C
P38776	sce:YHR048W
P00425	sce:YIL111W
P40578	sce:YIR033W
Q12256	sce:YOR273C
P50276	sce:YGR055W
P39103	sce:YML129C
P29465	sce:YBR023C
Q12344	sce:YPL249C
P25383	sce:YCL020W
P38084	sce:YBR068C
Q92328	sce:YOL009C
Q12503	sce:YFL002W-A
Q12503	sce:YGR161W-B
Q04257	sce:YML003W
Q04257	sce:YML002W
P16661	sce:YBR110W
P38356	sce:YBR290W
P25639	sce:YCR061W
P37267	sce:YGR174C
P32266	sce:YOR211C
P39540	sce:YJL196C
P25358	sce:YCR034W
Q04121	sce:YDR456W
P38264	sce:YBR106W
P25515	sce:YEL027W
P40548	sce:YIL016W
P40478	sce:YIL114C
P05374	sce:YGR157W
P53954	sce:YNL048W
P47082	sce:YJR001W
P35723	sce:YKL065C
P38250	sce:YBR086C
P40350	sce:YPL227C
P38298	sce:YBR183W
P87284	sce:YDR276C
P07286	sce:YBR243C
P47154	sce:YJR117W
P32842	sce:YPL234C
P25371	sce:YCR011C
P38992	sce:YDR297W
P25340	sce:YGL012W
Q02896	sce:YPL087W
P38358	sce:YBR293W
P38156	sce:YBR298C
P08456	sce:YER026C
P47144	sce:YJR106W
P17261	sce:YCR075C
P25613	sce:YCR010C
P36033	sce:YKL220C
Q08929	sce:YPL189W
P25621	sce:YCR028C
P38221	sce:YBR029C
P39106	sce:YER001W
P32331	sce:YPR058W
P52867	sce:YDL093W
Q99385	sce:YDL128W
P49573	sce:YPR124W
Q12407	sce:YDL199C
Q12424	sce:YDL206W
P38138	sce:YBR229C
P53835	sce:YNL279W
P54854	sce:YDL245C
Q01896	sce:YDR039C
P53273	sce:YGR125W
P18414	sce:YBL040C
P25641	sce:YCR068W
P53337	sce:YGR284C
P53048	sce:YGR289C
Q08986	sce:YPL274W
Q12359	sce:YDR384C
P16151	sce:YDR414C
Q03554	sce:YMR292W
P53306	sce:YGR216C
P40318	sce:YIL030C
P25346	sce:YCR098C
Q05521	sce:YDR284C
Q04399	sce:YDR506C
Q04602	sce:YDR119W
P38799	sce:YHR078W
Q12445	sce:YLR018C
Q04629	sce:YDR126W
P40886	sce:YJL214W
Q12361	sce:YDL035C
P32466	sce:YDR345C
P38301	sce:YBR187W
P43555	sce:YFL048C
P40975	sce:YEL017C-A
P40367	sce:YJL062W
P43542	sce:YFL062W
P53322	sce:YGR260W
P40009	sce:YER005W
Q02725	sce:YPL019C
Q08980	sce:YPL264C
P42946	sce:YJL108C
P40027	sce:YER039C-A
P40027	sce:YER039C
P17064	sce:YER056C
P39709	sce:YAL067C
Q12382	sce:YOR311C
P43585	sce:YFL004W
P43571	sce:YFL025C
P34240	sce:YKL175W
P36107	sce:YKL004W
Q04952	sce:YMR306W
Q08485	sce:YOR071C
P43633	sce:YGL021W
P31755	sce:YGL038C
P32363	sce:YPL175W
P28737	sce:YGR028W
P53386	sce:YPR192W
Q04949	sce:YMR299C
P38921	sce:YNL003C
P53283	sce:YGR138C
P32476	sce:YGR175C
P50080	sce:YGR224W
P33775	sce:YDL095W
P38724	sce:YHL047C
P28627	sce:YMR150C
P38745	sce:YHL017W
P32465	sce:YHR094C
Q08902	sce:YOR378W
P10614	sce:YHR007C
P16603	sce:YHR042W
P38090	sce:YBR132C
Q12396	sce:YLR080W
P53918	sce:YNL125C
P41806	sce:YGR105W
Q07904	sce:YLR004C
P38702	sce:YHR002W
P47159	sce:YJR124C
P42833	sce:YNL318C
P00045	sce:YEL039C
P07143	sce:YOR065W
P40557	sce:YIL005W
P40445	sce:YIL166C
P40501	sce:YIL088C
P40475	sce:YIL120W
P40071	sce:YER113C
P15367	sce:YIR022W
Q03289	sce:YDR459C
P47075	sce:YJL012C
P27810	sce:YOR099W
P40885	sce:YJL219W
Q99252	sce:YOR092W
P47187	sce:YJR161C
Q06551	sce:YLR246W
P36051	sce:YKL165C
P36034	sce:YKL219W
P19145	sce:YKR039W
P36164	sce:YKR088C
P54070	sce:YPL053C
P36173	sce:YKR106W
P11655	sce:YNR026C
Q07824	sce:YLL028W
Q12372	sce:YLL061W
P39742	sce:YLR292C
P32467	sce:YHR092C
P36028	sce:YKR103W
P36028	sce:YKR104W
Q12482	sce:YPR021C
P23585	sce:YMR011W
Q07798	sce:YLL005C
Q08579	sce:YOR192C
Q12675	sce:YDR093W
Q03028	sce:YPL134C
P48233	sce:YNL083W
Q12177	sce:YLL056C
P35724	sce:YKL064W
P06783	sce:YKL178C
P53389	sce:YNR055C
P36062	sce:YKL146W
Q04301	sce:YMR088C
Q03530	sce:YMR274C
P50944	sce:YNL101W
P07213	sce:YNL121C
P40310	sce:YJL093C
P17898	sce:YNL130C
P13134	sce:YNL238W
P53838	sce:YNL275W
P32907	sce:YNR002C
P53629	sce:YNR019W
P53744	sce:YNR056C
P53746	sce:YNR060W
P52924	sce:YNR075W
P38131	sce:YBR199W
Q04013	sce:YMR241W
P33448	sce:YOR045W
P53062	sce:YGL247W
P32798	sce:YOR316C
P46950	sce:YGR197C
P19807	sce:YGL077C
P19516	sce:YPL132W
P53173	sce:YGL054C
P41909	sce:YPL147W
P23833	sce:YBR037C
P53966	sce:YNL029C
Q06593	sce:YPR194C
P33335	sce:YPR198W
O94742	sce:YDR363W-A
Q03096	sce:YIL009C-A
P10962	sce:YAL025C
Q99303	sce:YDR261W-A
P25384	sce:YCL019W
P38876	sce:YHR189W
P40206	sce:YMR132C
Q06346	sce:YDR367W
P15454	sce:YDR454C
P54074	sce:YMR119W
Q99337	sce:YNL054W-B
Q3E7X9	sce:YOR167C
Q03099	sce:YML133C
Q08234	sce:YOL075C
Q03419	sce:YDR492W
P47118	sce:YJR067C
P25578	sce:YCL004W
Q99209	sce:YOR142W-A
Q99209	sce:YPR158W-A
Q05955	sce:YLR227C
Q3E757	sce:YGR085C
P47181	sce:YJR154W
Q7M4S9	sce:YBL113C
Q12193	sce:YBR012W-B
P41733	sce:YLR459W
P08521	sce:YOR302W
Q12007	sce:YOR393W
Q12007	sce:YPL281C
P54115	sce:YPL061W
P53871	sce:YNL191W
O13512	sce:YAL064W-B
Q05123	sce:YMR033W
Q12406	sce:YPR034W
P53628	sce:YNR023W
P53940	sce:YNL077W
P32611	sce:YEL050C
P14284	sce:YPL167C
Q12114	sce:YLR330W
Q6WNK7	sce:YBR111W-A
Q05471	sce:YDR334W
Q05919	sce:YLR360W
P33749	sce:YKL062W
P36054	sce:YKL159C
P39110	sce:YMR138W
Q07794	sce:YLL002W
P32769	sce:YKR084C
Q6B2C0	sce:YCL067C
Q6B2C0	sce:YCR039C
Q3E7X8	sce:YEL077C
Q12182	sce:YOR342C
P0C2I0	sce:YMR242C
P0C2I0	sce:YOR312C
P53849	sce:YNL255C
P19882	sce:YLR259C
P05066	sce:YOR386W
P40072	sce:YER116C
P04173	sce:YCL018W
P04807	sce:YGL253W
Q03306	sce:YDR466W
P25379	sce:YCL064C
P53949	sce:YNL056W
P07149	sce:YKL182W
P05150	sce:YJL088W
Q08224	sce:YOL055C
P41695	sce:YGR188C
P42943	sce:YJL111W
P07259	sce:YJL130C
P46367	sce:YOR374W
Q01649	sce:YMR198W
P08679	sce:YCR005C
P40364	sce:YJL066C
P32801	sce:YKL048C
P22943	sce:YFL014W
Q03020	sce:YPL135W
P07262	sce:YOR375C
P11986	sce:YJL153C
P25846	sce:YHR120W
P22211	sce:YNL183C
P38953	sce:YDR076W
Q04049	sce:YDR419W
P39522	sce:YJR016C
P43616	sce:YFR044C
P43612	sce:YFR040W
P06244	sce:YJL164C
P53127	sce:YGL131C
Q03774	sce:YDR165W
P52492	sce:YOR339C
P15731	sce:YBR082C
P03962	sce:YEL021W
P39702	sce:YAL002W
P25380	sce:YCL048W
Q05580	sce:YDR266C
P53295	sce:YGR173W
P38793	sce:YHR070W
P36009	sce:YKL078W
P36005	sce:YKL161C
P28273	sce:YKL215C
Q01477	sce:YER151C
P34246	sce:YKL098W
P40479	sce:YIL113W
Q12245	sce:YPL144W
Q12214	sce:YPR068C
Q02959	sce:YPL116W
P53224	sce:YGR038W
Q3E790	sce:YBR058C-A
P53840	sce:YNL273W
Q99287	sce:YOR165W
P36039	sce:YKL207W
Q3E840	sce:YBL071W-A
Q06505	sce:YPR133C
P32914	sce:YGR063C
P36040	sce:YKL206C
Q05050	sce:YMR031C
Q03067	sce:YPL047W
P12688	sce:YKL126W
P32660	sce:YER166W
P00729	sce:YMR297W
Q04183	sce:YDR407C
Q03660	sce:YMR218C
P34250	sce:YKL105C
Q12488	sce:YDR013W
Q3E835	sce:YOL086W-A
P53923	sce:YNL119W
P53088	sce:YGL211W
P39722	sce:YAL048C
P53083	sce:YGL219C
P40150	sce:YNL209W
Q01919	sce:YOR233W
Q12146	sce:YOL146W
Q08887	sce:YOR372C
Q12242	sce:YOR138C
Q12509	sce:YLR085C
P48365	sce:YDL234C
P15436	sce:YDL102W
P36012	sce:YKL049C
Q12451	sce:YDL019C
P80967	sce:YPR133W-A
P47133	sce:YJR088C
Q05785	sce:YLR206W
P69771	sce:YKR035W-A
Q12339	sce:YOR004W
P10664	sce:YBR031W
Q00711	sce:YKL148C
P38878	sce:YHR192W
P38857	sce:YHR162W
P38110	sce:YBL088C
P53157	sce:YGL080W
Q04472	sce:YMR115W
P32191	sce:YIL155C
P38717	sce:YNL257C
P38636	sce:YNL259C
P38167	sce:YBL101C
Q04052	sce:YDR421W
Q07938	sce:YLR017W
Q04213	sce:YMR044W
P46958	sce:YJL146W
Q12471	sce:YOL136C
P36166	sce:YKR090W
P53952	sce:YNL050C
P46680	sce:YMR092C
P53012	sce:YGL126W
P32857	sce:YKL039W
P43625	sce:YFR057W
Q04299	sce:YMR087W
P38196	sce:YBL042C
Q99210	sce:YOR111W
P33411	sce:YGR006W
P40560	sce:YIL001W
P46989	sce:YJL178C
P53230	sce:YGR046W
Q03220	sce:YMR180C
Q04893	sce:YMR317W
P53115	sce:YGL150C
P24280	sce:YMR079W
Q04233	sce:YML006C
P38812	sce:YHR100C
P47123	sce:YJR074W
P39533	sce:YJL200C
P34243	sce:YKL017C
P53769	sce:YLR323C
Q07821	sce:YLL027W
P32645	sce:YER180C
P47158	sce:YJR122W
P06208	sce:YNL104C
P38714	sce:YHR091C
P33755	sce:YBR170C
P38855	sce:YHR160C
P32385	sce:YLL046C
Q05610	sce:YDR273W
P40992	sce:YJL025W
P21372	sce:YBR237W
P25381	sce:YCR045C
P38838	sce:YHR134W
Q05947	sce:YLR224W
Q01589	sce:YDR077W
Q00723	sce:YGR075C
P06106	sce:YLR303W
P41835	sce:YPL214C
P43543	sce:YFL061W
P43543	sce:YNL335W
Q03824	sce:YMR163C
Q99344	sce:YPR066W
Q04767	sce:YMR071C
P38067	sce:YBR006W
Q05871	sce:YLR284C
P32567	sce:YMR165C
Q12178	sce:YPR062W
P40439	sce:YIL172C
P40439	sce:YJL221C
P38816	sce:YHR106W
Q03525	sce:YMR269W
Q12066	sce:YDL089W
P36087	sce:YKL070W
Q12497	sce:YDR070C
Q12156	sce:YDR063W
Q12508	sce:YDR255C
Q12412	sce:YOR161C
P38694	sce:YHR039C
P46999	sce:YJL160C
P47168	sce:YJR136C
Q12253	sce:YLR046C
P47025	sce:YJL112W
P46972	sce:YMR035W
Q02196	sce:YKL001C
Q04978	sce:YML053C
P40342	sce:YNR004W
P53921	sce:YNL122C
P40096	sce:YER159C
P47053	sce:YJL043W
Q00873	sce:YKL087C
Q12026	sce:YLR053C
Q06177	sce:YLR327C
P41546	sce:YFL031W
P01366	sce:YCR097W
P20133	sce:YPR176C
P19146	sce:YDL137W
P53272	sce:YGR122W
P43607	sce:YFR032C
P53171	sce:YGL057C
P53830	sce:YNL286W
Q03254	sce:YMR277W
P38757	sce:YHR004C
Q01476	sce:YOR124C
P53865	sce:YNL225C
P53248	sce:YGR077C
P36085	sce:YKL072W
P48524	sce:YMR275C
P32783	sce:YBR236C
P05319	sce:YOL039W
P35184	sce:YIR012W
P40989	sce:YGR032W
P39943	sce:YER028C
P46971	sce:YJR143C
Q07897	sce:YLR003C
P32329	sce:YLR120C
P24784	sce:YPL119C
P53844	sce:YNL264C
P40538	sce:YIL029C
P26725	sce:YJL139C
P39109	sce:YDR135C
P53855	sce:YNL242W
P34219	sce:YBL054W
P25339	sce:YGL014W
P36066	sce:YKL133C
P36126	sce:YKR031C
Q12068	sce:YOL151W
P50104	sce:YMR019W
P53604	sce:YNR049C
P40559	sce:YIL002C
P36157	sce:YKR077W
P39105	sce:YMR008C
P39945	sce:YER101C
Q12515	sce:YDL173W
Q08202	sce:YOL032W
Q99326	sce:YOR338W
P50078	sce:YGR221C
Q99288	sce:YDR051C
P38270	sce:YBR128C
Q08471	sce:YOR066W
P25355	sce:YCR054C
Q04401	sce:YDR511W
Q08930	sce:YPL191C
P53854	sce:YNL245C
P06785	sce:YOR074C
P32579	sce:YGL169W
P53980	sce:YNL011C
P38880	sce:YHR194W
Q02754	sce:YPL067C
Q08421	sce:YOR051C
P53749	sce:YNR063W
Q03557	sce:YMR293C
P48566	sce:YNL293W
P38137	sce:YBR222C
Q3E7Y4	sce:YBL112C
P38329	sce:YBR235W
Q08886	sce:YOR371C
P38748	sce:YHL010C
P81449	sce:YDR322C-A
P53148	sce:YGL093W
Q12165	sce:YDL004W
P47032	sce:YJL079C
P38772	sce:YHR040W
Q06820	sce:YPR083W
Q12520	sce:YPL244C
P23250	sce:YIL119C
P14180	sce:YBR038W
Q12333	sce:YOL152W
Q12362	sce:YOL066C
Q04869	sce:YMR315W
P36038	sce:YKL208W
P53234	sce:YGR053C
P38206	sce:YBL020W
Q12346	sce:YPR071W
Q12160	sce:YPR063C
P38177	sce:YBL086C
P43534	sce:YFL058W
P38211	sce:YBR004C
Q08967	sce:YPL221W
Q06214	sce:YPR169W
P53220	sce:YGR033C
P38821	sce:YHR113W
P38185	sce:YBL071C
P53312	sce:YGR244C
Q12453	sce:YOR112W
P41939	sce:YLR174W
P37303	sce:YEL046C
P38934	sce:YOR198C
P47064	sce:YJL024C
P21592	sce:YPL172C
P36090	sce:YKL047W
P41921	sce:YPL091W
P22516	sce:YPL008W
Q08909	sce:YOR385W
P38894	sce:YHR211W
Q08818	sce:YOR354C
Q08774	sce:YOR305W
P38632	sce:YEL019C
P36151	sce:YKR070W
P50088	sce:YGR236C
Q08750	sce:YOR298W
Q12404	sce:YOR288C
P40011	sce:YER010C
P22936	sce:YKL114C
P23493	sce:YKL093W
P07807	sce:YOR236W
P40549	sce:YIL014W
Q12056	sce:YOR226C
Q12283	sce:YOR221C
P32612	sce:YEL049W
Q12486	sce:YOR131C
Q12166	sce:YOR108W
P43548	sce:YFL055W
P32862	sce:YKL038W
P53958	sce:YNL042W
P36044	sce:YKL201C
Q12512	sce:YOL154W
P38759	sce:YHR012W
Q08287	sce:YOL144W
P33734	sce:YBR248C
P38722	sce:YHL049C
Q12326	sce:YOL056W
P21182	sce:YOL052C
Q06688	sce:YLR412W
P47084	sce:YJR003C
P48567	sce:YNL292W
P53725	sce:YNR024W
P42835	sce:YNL327W
P32452	sce:YNL316C
Q05789	sce:YLR211C
P32375	sce:YIR027C
P43602	sce:YFR022W
Q08474	sce:YOR068C
P53730	sce:YNR030W
P46997	sce:YJL162C
Q12196	sce:YOR119C
P28777	sce:YGL148W
P48526	sce:YPL040C
P38790	sce:YHR067W
Q12366	sce:YOL104C
P53882	sce:YNL176C
Q03687	sce:YMR010W
Q99258	sce:YDR487C
Q07655	sce:YDL224C
P38075	sce:YBR035C
P53901	sce:YNL152W
Q03703	sce:YML037C
P47138	sce:YJR097W
P40543	sce:YIL024C
P53009	sce:YGL083W
P38912	sce:YMR260C
P18899	sce:YMR173W
Q04924	sce:YDR221W
Q04304	sce:YMR090W
Q08742	sce:YOR286W
Q03798	sce:YMR157C
P47126	sce:YJR079W
P54838	sce:YML070W
P10834	sce:YGR222W
P33441	sce:YML062C
P21954	sce:YDL066W
P38155	sce:YBR301W
Q04212	sce:YMR041C
P40202	sce:YMR038C
Q04364	sce:YMR018W
Q01519	sce:YLR038C
Q07993	sce:YLR070C
P06115	sce:YGR088W
Q06596	sce:YPR199C
P32364	sce:YKL079W
P53919	sce:YNL124W
Q03880	sce:YMR123W
Q03673	sce:YMR003W
Q12458	sce:YDR368W
Q04458	sce:YMR110C
Q07895	sce:YLR001C
P35842	sce:YAR071W
Q05902	sce:YLR299W
P47140	sce:YJR100C
P04803	sce:YDR268W
Q01448	sce:YBR215W
P05739	sce:YLR448W
Q07923	sce:YLR011W
Q02203	sce:YKR005C
P38070	sce:YBR028C
P36154	sce:YKR074W
O13577	sce:YLR437C
P47095	sce:YJR024C
P41057	sce:YLR388W
Q02873	sce:YPL107W
P54113	sce:YLR028C
P38170	sce:YBL097W
P38803	sce:YHR085W
P49954	sce:YLR351C
P43558	sce:YFL044C
P40504	sce:YIL085C
P54000	sce:YMR039C
P54007	sce:YLR460C
P35200	sce:YLR168C
P40545	sce:YIL020C
P53178	sce:YGL047W
Q04093	sce:YDR444W
Q12155	sce:YLR050C
P15700	sce:YKL024C
P38345	sce:YBR269C
P40553	sce:YIL010W
P38865	sce:YHR175W
P45820	sce:YGL168W
P13181	sce:YLR081W
Q05637	sce:YDR281C
Q05892	sce:YLR290C
P40580	sce:YIR036C
P38841	sce:YHR138C
P18496	sce:YLR393W
P38833	sce:YHR127W
Q01802	sce:YKL106W
Q08058	sce:YOL008W
P42834	sce:YNL328C
P40309	sce:YJL094C
P38127	sce:YBR192W
P36137	sce:YKR044W
P38354	sce:YBR285W
Q12367	sce:YLR137W
P25368	sce:YCL031C
P40104	sce:YER189W
P40568	sce:YIR010W
Q05809	sce:YLR218C
Q06263	sce:YLR181C
Q06251	sce:YLR177W
Q06247	sce:YLR173W
Q12291	sce:YLR063W
P47031	sce:YJL082W
Q08913	sce:YOR390W
Q12500	sce:YLR114C
P05738	sce:YGL147C
P42836	sce:YNL326C
Q07927	sce:YLR012C
P38179	sce:YBL082C
P07236	sce:YKL194C
P34232	sce:YKL186C
P24309	sce:YKL149C
P13298	sce:YML106W
P53058	sce:YGL258W
P39983	sce:YEL057C
P25577	sce:YCL049C
P38215	sce:YBR013C
P05316	sce:YBR021W
P38073	sce:YBR033W
P27654	sce:YBR067C
P38253	sce:YBR090C
P15807	sce:YBR213W
P38332	sce:YBR246W
Q12311	sce:YPR031W
P25585	sce:YCL058C
Q08645	sce:YOR241W
P25348	sce:YCR003W
P47161	sce:YJR126C
P25638	sce:YCR060W
P36081	sce:YKL077W
P52290	sce:YDL024C
P43122	sce:YDL104C
P25573	sce:YCL044C
Q06146	sce:YLR257W
P25364	sce:YCR065W
Q06567	sce:YLR253W
Q12530	sce:YLR145W
P36136	sce:YKR043C
P07215	sce:YHR053C
P07215	sce:YHR055C
Q05777	sce:YLR194C
Q03823	sce:YMR160W
P25587	sce:YCL005W
P47164	sce:YJR130C
P35127	sce:YJR099W
Q06107	sce:YPR114W
Q08561	sce:YOR189W
P32352	sce:YMR202W
Q05867	sce:YLR283W
P32339	sce:YLR205C
P36163	sce:YKR087C
P14063	sce:YKL138C
P26783	sce:YJR123W
P53227	sce:YGR042W
P27697	sce:YGL119W
Q04341	sce:YDR031W
P38246	sce:YBR076W
P32831	sce:YBR212W
Q07660	sce:YDL231C
Q07729	sce:YDL238C
Q06541	sce:YLR242C
Q03787	sce:YDR249C
Q12116	sce:YDR105C
P47127	sce:YJR080C
Q03455	sce:YDR205W
P37304	sce:YDR251W
Q12282	sce:YOR214C
Q03262	sce:YMR278W
P0C0T4	sce:YLR333C
P54730	sce:YMR067C
P39543	sce:YJL192C
P38954	sce:YDR072C
P39997	sce:YEL016C
P38990	sce:YER129W
P23501	sce:YKR053C
Q99297	sce:YOR222W
P41058	sce:YDL061C
Q06683	sce:YDR332W
Q05515	sce:YDR346C
Q12385	sce:YLR099C
Q06349	sce:YDR370C
Q06408	sce:YDR380W
Q02872	sce:YPL108W
P47147	sce:YJR110W
P53745	sce:YNR059W
Q04408	sce:YDR514C
P39994	sce:YEL020C
P32614	sce:YEL047C
P36521	sce:YDL202W
P40008	sce:YER004W
P43610	sce:YFR038W
Q04533	sce:YML082W
Q04471	sce:YMR114C
P35202	sce:YOR143C
P53869	sce:YNL211C
P22023	sce:YOR336W
P39525	sce:YER061C
Q01217	sce:YER069W
P38226	sce:YBR042C
Q04406	sce:YDR512C
P87287	sce:YDR366C
Q08974	sce:YPL257W
P39714	sce:YAL060W
Q08702	sce:YOR258W
Q08910	sce:YOR387C
P39956	sce:YER169W
P32343	sce:YKL124W
P21375	sce:YJR051W
P36046	sce:YKL195W
Q04081	sce:YDR435C
P36014	sce:YKL026C
P43539	sce:YFL065C
P35176	sce:YDR304C
P53055	sce:YAL068C
P53055	sce:YGL261C
Q04430	sce:YDR531W
P40522	sce:YIL056W
Q04018	sce:YMR244W
P40023	sce:YER035W
P38824	sce:YHR116W
P40529	sce:YIL044C
P38081	sce:YBR056W
P40896	sce:YJL213W
Q07830	sce:YLL031C
P53320	sce:YGR257C
P40188	sce:YIL057C
Q12498	sce:YPL156C
Q06892	sce:YPL188W
P53217	sce:YGR026W
Q12108	sce:YOR118W
P53122	sce:YGL138C
P53285	sce:YGR141W
P53296	sce:YGR177C
P42934	sce:YGR199W
P53336	sce:YGR283C
P38754	sce:YHL001W
P38734	sce:YHL036W
Q12480	sce:YPR004C
P38770	sce:YHR036W
Q06236	sce:YLR164W
Q08994	sce:YPR203W
P38775	sce:YHR045W
P25625	sce:YCR044C
P53293	sce:YGR168C
P38818	sce:YHR109W
P53937	sce:YNL081C
P38284	sce:YBR157C
P48569	sce:YDL183C
P32789	sce:YBL009W
P32626	sce:YEL038W
P39961	sce:YER184C
P32351	sce:YIL154C
P38318	sce:YBR220C
P18962	sce:YHR028C
P39005	sce:YJL174W
P53870	sce:YNL193W
Q05533	sce:YDR287W
P40090	sce:YER147C
P40498	sce:YIL091C
P40544	sce:YIL023C
P38795	sce:YHR074W
P40487	sce:YIL103W
P40464	sce:YIL134W
P40451	sce:YIL158W
P38242	sce:YBR070C
Q06390	sce:YDR374C
P40569	sce:YIR013C
P47013	sce:YJL134W
P39516	sce:YJL191W
P35995	sce:YKL222C
P40897	sce:YJL212C
Q08932	sce:YPL193W
P07253	sce:YBR120C
Q12378	sce:YDR066C
P32450	sce:YFL010W-A
P13045	sce:YDR009W
P53305	sce:YGR215W
P41821	sce:YNL291C
P52870	sce:YER087C-B
Q08548	sce:YOR175C
P40491	sce:YIL098C
Q04935	sce:YDR231C
P53221	sce:YGR034W
Q07555	sce:YDL129W
P40524	sce:YIL054W
P38335	sce:YBR255W
P47015	sce:YJL131C
P47102	sce:YJR031C
P53032	sce:YGL162W
P24867	sce:YNL289W
P39000	sce:YER096W
P38794	sce:YHR071W
P54199	sce:YDL028C
Q03465	sce:YDL020C
Q9URQ3	sce:YLR316C
P39720	sce:YAL051W
Q05958	sce:YLR228C
P25369	sce:YCL034W
P37254	sce:YNR033W
Q06106	sce:YPR112C
Q02796	sce:YPL055C
Q04225	sce:YMR131C
Q07471	sce:YDL080C
P36132	sce:YKR038C
Q03705	sce:YML036W
P54072	sce:YLR152C
Q12153	sce:YDR312W
P38201	sce:YBL029W
P38970	sce:YJL165C
P53191	sce:YGL023C
P39538	sce:YJL197W
P53334	sce:YGR279C
Q12092	sce:YPL166W
P25341	sce:YCR091W
P53962	sce:YNL035C
P38248	sce:YBR078W
P42222	sce:YMR323W
Q02647	sce:YDR424C
P53133	sce:YGL117W
P48525	sce:YOL033W
Q03780	sce:YDR239C
P40347	sce:YPR073C
P53319	sce:YGR256W
P53289	sce:YGR161C
Q07551	sce:YDL124W
Q12511	sce:YOR090C
P32419	sce:YDL078C
Q01080	sce:YNL248C
P16639	sce:YGL017W
P38732	sce:YHL039W
P47099	sce:YJR028W
Q12425	sce:YPR067W
P25572	sce:YCL042W
P53878	sce:YNL181W
P40345	sce:YNR008W
Q03516	sce:YMR266W
Q06315	sce:YLR187W
Q04336	sce:YMR196W
Q08732	sce:YOR267C
P21734	sce:YDR177W
Q04311	sce:YDR049W
Q12040	sce:YOR283W
P38083	sce:YBR063C
P03874	sce:YHL038C
P40098	sce:YER182W
Q04922	sce:YDR219C
Q08412	sce:YOR042W
P34247	sce:YKL099C
Q04500	sce:YML093W
P48237	sce:YGR150C
P46951	sce:YGR198W
P35732	sce:YKL054C
P47108	sce:YJR041C
P18408	sce:YPR167C
P38850	sce:YHR154W
P35172	sce:YBR001C
P06633	sce:YOR202W
P40968	sce:YDR364C
P53063	sce:YGL246C
P36142	sce:YKR051W
P53199	sce:YGL001C
P32357	sce:YBL074C
P30777	sce:YGL142C
P43590	sce:YFR006W
P22136	sce:YMR282C
Q07979	sce:YLR033W
Q03713	sce:YML030W
P32190	sce:YHL032C
P15624	sce:YLR060W
P25616	sce:YCR015C
Q04632	sce:YML071C
P36523	sce:YLR312W-A
P38158	sce:YBR299W
P34756	sce:YFR019W
P27929	sce:YNL137C
P42847	sce:YNL306W
P32388	sce:YKL167C
P53166	sce:YGL064C
Q03201	sce:YDR041W
Q12386	sce:YOR141C
P37898	sce:YHR047C
P38336	sce:YBR257W
P53218	sce:YGR030C
P32377	sce:YNR043W
P38255	sce:YBR095C
Q12496	sce:YOL098C
Q12109	sce:YOL097C
Q04007	sce:YDR186C
P39986	sce:YEL031W
Q99177	sce:YPR057W
P32288	sce:YPR035W
P33336	sce:YGR143W
P47139	sce:YJR098C
P36152	sce:YKR071C
P33302	sce:YOR153W
P39713	sce:YAL061W
Q08822	sce:YOR356W
P32459	sce:YIR032C
Q12301	sce:YDL180W
P0C0W9	sce:YPR102C
P50082	sce:YGR225W
P04456	sce:YOL127W
P12887	sce:YML021C
P00420	sce:Q0275
P41817	sce:YPL177C
Q07913	sce:YLR007W
P32785	sce:YBL013W
P39980	sce:YEL065W
P40489	sce:YIL101C
P36158	sce:YKR078W
Q12231	sce:YDR316W-A
Q12231	sce:YER159C-A
Q12231	sce:YGR161C-C
Q12231	sce:YMR051C
P08067	sce:YEL024W
P40550	sce:YIL013C
O13559	sce:YLR466W
P05759	sce:YLR167W
P53906	sce:YNL146W
P30605	sce:YDR497C
P25596	sce:YCL073C
Q04182	sce:YDR406W
P33303	sce:YJR095W
P38604	sce:YHR072W
P25360	sce:YCR037C
P20048	sce:YMR013C
P47185	sce:YJR158W
P10566	sce:YJL133W
P39542	sce:YJL193W
Q12119	sce:YER060W-A
P38069	sce:YBR015C
P40004	sce:YEL004W
Q07788	sce:YDL248W
P13586	sce:YGL167C
P53756	sce:YNR070W
P12685	sce:YJL129C
Q04895	sce:YIR028W
P36035	sce:YKL217W
P46996	sce:YJL163C
P15365	sce:YJR152W
P53822	sce:YNL336W
P40351	sce:YOR067C
Q12375	sce:YOR130C
Q12042	sce:YPL162C
P53134	sce:YGL114W
Q06163	sce:YLR318W
P47111	sce:YJR044C
Q07791	sce:YDR261W-B
Q03266	sce:YMR289W
Q12331	sce:YDR262W
Q99195	sce:YFL002W-B
Q99195	sce:YGR161W-A
P38317	sce:YBR219C
P0C2H9	sce:YLR406C
Q06143	sce:YLR348C
Q12205	sce:YLR057W
P40207	sce:YMR134W
P32344	sce:YLR204W
Q12273	sce:YOL103W-B
Q12414	sce:YPL257W-B
P25377	sce:YCR105W
P33748	sce:YMR037C
P33309	sce:YNL001W
P08459	sce:YDR522C
Q12355	sce:YDR055W
Q3E7C1	sce:YDR079C-A
P31386	sce:YAL020C
Q3E829	sce:YDL160C-A
Q03281	sce:YDR458C
P47112	sce:YJR046W
P53073	sce:YGL231C
P36105	sce:YKL006W
P04838	sce:YLR167W
P04838	sce:YLL039C
P04838	sce:YIL148W
P04838	sce:YKR094C
P04838	cne:CNA03330
Q99325	sce:YOR152C
Q08230	sce:YOL071W
